Record_number,Author,Year,Journal,Trial,Phase_1,Phase_2,Phase_3,Vaccine,Manufacture,Vaccine_type,Strain,Finding_different_intervals,Finding_different_doses,Group_ID,Group,Candidate_for_further_evaluation,Reference_to_highest_dose,Reference_to_lowest_dose,Age_lower,Age_upper,N,Total_doses,Dosage,Days_between_doses,Days_lower,Days_upper,Concentration_dose_1,Concentration_dose_2,Concentration_dose_3,Concentration_unit,Immunity_type,Target,Assay_or_measurement,Specific_immunity_type,Immunity_measurement_unit,Immunity_value,Immunity_value_lower,Immunity_value_upper,Display_item,Ref_baseline,Ref_baseline_lower,Ref_baseline_upper,Ref_conv,Ref_conv_lower,Ref_conv_upper,N_conv,N_seroconversion,P_seroconversion,Lower_seroconversion,Upper_seroconversion,Days_since_first_dose,Days_since_last_dose,Subgroup,Dose_level,Dose_concentration
12,"Anderson, E",2020,NEJM,Yes,Yes,No,No,mRNA-1273,Moderna,mRNA,WT,No,No,A1,"Low-dose, 56to70",No,A5,A1,56,70,10,2,2,28,42,42,25,25,NA,ug,Humoral,Pseudo virus,PsVNA ID50,NT Ab,GMT/CI,116,66,5,Table S4,10,10,10,106,60,189,41,10,100,NA,NA,14,14,A,Lower,25
12,"Anderson, E",2020,NEJM,Yes,Yes,No,No,mRNA-1273,Moderna,mRNA,WT,No,No,A2,"Low-dose, 70 and above",No,A5,A1,71,100,10,2,2,28,42,42,25,25,NA,ug,Humoral,Pseudo virus,PsVNA ID50,NT Ab,GMT/CI,112,67,88,Table S4,10,10,10,106,60,189,41,10,100,NA,NA,14,14,B,Lower,25
12,"Anderson, E",2020,NEJM,Yes,Yes,No,No,mRNA-1273,Moderna,mRNA,WT,No,No,A3,"High-dose, 56to70",Yes,A5,A1,56,70,10,2,2,28,42,42,100,100,NA,ug,Humoral,Pseudo virus,PsVNA ID50,NT Ab,GMT/CI,402,289,560,Table S4,10,10,10,106,60,189,41,10,100,NA,NA,14,14,A,Standard,100
12,"Anderson, E",2020,NEJM,Yes,Yes,No,No,mRNA-1273,Moderna,mRNA,WT,No,No,A4,"High-dose, 70 and above",Yes,A5,A1,71,100,10,2,2,28,42,42,100,100,NA,ug,Humoral,Pseudo virus,PsVNA ID50,NT Ab,GMT/CI,317,198,508,Table S4,10,10,10,106,60,189,41,10,100,NA,NA,14,14,B,Standard,100
6,"Xia, S",2020,JAMA,Yes,Yes,No,No,NA,Sinopharm (Wuhan),Inactivated,WIV04,Yes,No,A1,"Low-dose, phase 1",NA,A3,A1,18,59,24,3,3,28,70,70,2.5,2.5,2.5,ug,Humoral,Live virus,PRNT 50,NT Ab,GMT/CI,316,218,457,Table 3,5,5,5,NA,NA,NA,NA,24,100,NA,NA,42,14,A,None,2.5
6,"Xia, S",2020,JAMA,Yes,Yes,No,No,NA,Sinopharm (Wuhan),Inactivated,WIV04,Yes,No,A2,"Medium-dose, phase 1",NA,A3,A1,18,59,24,3,3,28,70,70,5,5,5,ug,Humoral,Live virus,PRNT 50,NT Ab,GMT/CI,206,123,343,Table 3,5,5,5,NA,NA,NA,NA,23,95.8,NA,NA,42,14,A,None,5
6,"Xia, S",2020,JAMA,Yes,Yes,No,No,NA,Sinopharm (Wuhan),Inactivated,WIV04,Yes,No,A3,"High-dose, phase 1",NA,A3,A1,18,59,24,3,3,28,70,70,10,10,10,ug,Humoral,Live virus,PRNT 50,NT Ab,GMT/CI,297,208,424,Table 3,5,5,5,NA,NA,NA,NA,24,100,NA,NA,42,14,A,None,10
850,"Che, Y",2020,CID,Yes,No,Yes,No,NA,Chinese Academy of Medical Sciences,Inactivated,WT,Yes,No,A1,"Medium-dose, 14 days",No,A2,A1,18,59,148,2,2,14,28,28,100,100,NA,EU,Humoral,Live virus,MNT 50,NT Ab,GMT/SE,18.15,5.57,53.83,Figure 2,NA,NA,NA,NA,NA,NA,NA,136,91.89,NA,NA,14,14,A,Lower,100
850,"Che, Y",2020,CID,Yes,No,Yes,No,NA,Chinese Academy of Medical Sciences,Inactivated,WT,Yes,No,A2,"High dose, 14 days",Yes,A2,A1,18,59,150,2,2,14,28,28,150,150,NA,EU,Humoral,Live virus,MNT 50,NT Ab,GMT/SE,21.39,5.64,67.98,Figure 2,NA,NA,NA,NA,NA,NA,NA,144,95.7,NA,NA,14,14,A,Standard,150
233,"Chu, L",2021,Vaccine,Yes,No,Yes,No,mRNA-1273,Moderna,mRNA,WT,No,No,A1,"Low-dose, 18to55",No,A2,A1,18,54,89,2,1,28,29,29,50,50,NA,ug,Humoral,Live virus,MNT 50,NT Ab,GMT/CI,184,147,230,Table 3,46.2,44.9,47.9,321,238,433,32,62,70,NA,NA,1,1,A,Lower,50
233,"Chu, L",2021,Vaccine,Yes,No,Yes,No,mRNA-1273,Moderna,mRNA,WT,No,No,A1,"Low-dose, 18to55",No,A2,A1,18,54,89,2,1,28,29,29,50,50,NA,ug,Humoral,Live virus,MNT 50,NT Ab,GMT/CI,184,147,230,Table 3,46.2,44.9,47.9,321,238,433,32,62,70,NA,NA,1,1,B,Lower,50
233,"Chu, L",2021,Vaccine,Yes,No,Yes,No,mRNA-1273,Moderna,mRNA,WT,No,No,A1,"Low-dose, 18to55",No,A2,A1,18,54,78,2,2,28,43,43,50,50,NA,ug,Humoral,Live virus,MNT 50,NT Ab,GMT/CI,1733,1611,1865,Table 3,46.2,44.9,47.9,321,238,433,32,78,100,NA,NA,15,15,A,Lower,50
233,"Chu, L",2021,Vaccine,Yes,No,Yes,No,mRNA-1273,Moderna,mRNA,WT,No,No,A1,"Low-dose, 18to55",No,A2,A1,18,54,78,2,2,28,43,43,50,50,NA,ug,Humoral,Live virus,MNT 50,NT Ab,GMT/CI,1733,1611,1865,Table 3,46.2,44.9,47.9,321,238,433,32,78,100,NA,NA,15,15,B,Lower,50
233,"Chu, L",2021,Vaccine,Yes,No,Yes,No,mRNA-1273,Moderna,mRNA,WT,No,No,A1,"Low-dose, 18to55",No,A2,A1,18,54,80,2,2,28,57,57,50,50,NA,ug,Humoral,Live virus,MNT 50,NT Ab,GMT/CI,1613,1488,1747,Table 3,46.2,44.9,47.9,321,238,433,32,80,100,NA,NA,29,29,A,Lower,50
233,"Chu, L",2021,Vaccine,Yes,No,Yes,No,mRNA-1273,Moderna,mRNA,WT,No,No,A1,"Low-dose, 18to55",No,A2,A1,18,54,80,2,2,28,57,57,50,50,NA,ug,Humoral,Live virus,MNT 50,NT Ab,GMT/CI,1613,1488,1747,Table 3,46.2,44.9,47.9,321,238,433,32,80,100,NA,NA,29,29,B,Lower,50
233,"Chu, L",2021,Vaccine,Yes,No,Yes,No,mRNA-1273,Moderna,mRNA,WT,No,No,A2,"High-dose, 18to55",Yes,A2,A1,18,54,94,2,1,28,29,29,100,100,NA,ug,Humoral,Live virus,MNT 50,NT Ab,GMT/CI,273,220,338,Table 3,46.2,44.9,47.9,321,238,433,32,78,83,NA,NA,1,1,A,Standard,100
233,"Chu, L",2021,Vaccine,Yes,No,Yes,No,mRNA-1273,Moderna,mRNA,WT,No,No,A2,"High-dose, 18to55",Yes,A2,A1,18,54,94,2,1,28,29,29,100,100,NA,ug,Humoral,Live virus,MNT 50,NT Ab,GMT/CI,273,220,338,Table 3,46.2,44.9,47.9,321,238,433,32,78,83,NA,NA,1,1,B,Standard,100
233,"Chu, L",2021,Vaccine,Yes,No,Yes,No,mRNA-1273,Moderna,mRNA,WT,No,No,A2,"High-dose, 18to55",Yes,A2,A1,18,54,88,2,2,28,43,43,100,100,NA,ug,Humoral,Live virus,MNT 50,NT Ab,GMT/CI,1909,1849,1971,Table 3,46.2,44.9,47.9,321,238,433,32,88,100,NA,NA,15,15,A,Standard,100
233,"Chu, L",2021,Vaccine,Yes,No,Yes,No,mRNA-1273,Moderna,mRNA,WT,No,No,A2,"High-dose, 18to55",Yes,A2,A1,18,54,88,2,2,28,43,43,100,100,NA,ug,Humoral,Live virus,MNT 50,NT Ab,GMT/CI,1909,1849,1971,Table 3,46.2,44.9,47.9,321,238,433,32,88,100,NA,NA,15,15,B,Standard,100
233,"Chu, L",2021,Vaccine,Yes,No,Yes,No,mRNA-1273,Moderna,mRNA,WT,No,No,A2,"High-dose, 18to55",Yes,A2,A1,18,54,82,2,2,28,57,57,100,100,NA,ug,Humoral,Live virus,MNT 50,NT Ab,GMT/CI,1692,1586,1805,Table 3,46.2,44.9,47.9,321,238,433,32,82,100,NA,NA,29,29,A,Standard,100
233,"Chu, L",2021,Vaccine,Yes,No,Yes,No,mRNA-1273,Moderna,mRNA,WT,No,No,A2,"High-dose, 18to55",Yes,A2,A1,18,54,82,2,2,28,57,57,100,100,NA,ug,Humoral,Live virus,MNT 50,NT Ab,GMT/CI,1692,1586,1805,Table 3,46.2,44.9,47.9,321,238,433,32,82,100,NA,NA,29,29,B,Standard,100
233,"Chu, L",2021,Vaccine,Yes,No,Yes,No,mRNA-1273,Moderna,mRNA,WT,No,No,A3,"Low-dose, 55 and above",No,A2,A1,55,100,79,2,1,28,29,29,50,50,NA,ug,Humoral,Live virus,MNT 50,NT Ab,GMT/CI,160,122,208,Table 3,46.2,44.9,47.9,321,238,433,32,48,61,NA,NA,1,1,A,Lower,50
233,"Chu, L",2021,Vaccine,Yes,No,Yes,No,mRNA-1273,Moderna,mRNA,WT,No,No,A3,"Low-dose, 55 and above",No,A2,A1,55,100,79,2,1,28,29,29,50,50,NA,ug,Humoral,Live virus,MNT 50,NT Ab,GMT/CI,160,122,208,Table 3,46.2,44.9,47.9,321,238,433,32,48,61,NA,NA,1,1,B,Lower,50
233,"Chu, L",2021,Vaccine,Yes,No,Yes,No,mRNA-1273,Moderna,mRNA,WT,No,No,A3,"Low-dose, 55 and above",No,A2,A1,55,100,63,2,2,28,43,43,50,50,NA,ug,Humoral,Live virus,MNT 50,NT Ab,GMT/CI,1827,1722,1938,Table 3,46.2,44.9,47.9,321,238,433,32,63,100,NA,NA,15,15,A,Lower,50
233,"Chu, L",2021,Vaccine,Yes,No,Yes,No,mRNA-1273,Moderna,mRNA,WT,No,No,A3,"Low-dose, 55 and above",No,A2,A1,55,100,63,2,2,28,43,43,50,50,NA,ug,Humoral,Live virus,MNT 50,NT Ab,GMT/CI,1827,1722,1938,Table 3,46.2,44.9,47.9,321,238,433,32,63,100,NA,NA,15,15,B,Lower,50
233,"Chu, L",2021,Vaccine,Yes,No,Yes,No,mRNA-1273,Moderna,mRNA,WT,No,No,A3,"Low-dose, 55 and above",No,A2,A1,55,100,70,2,2,28,57,57,50,50,NA,ug,Humoral,Live virus,MNT 50,NT Ab,GMT/CI,1671,1545,1807,Table 3,46.2,44.9,47.9,321,238,433,32,70,100,NA,NA,29,29,A,Lower,50
233,"Chu, L",2021,Vaccine,Yes,No,Yes,No,mRNA-1273,Moderna,mRNA,WT,No,No,A3,"Low-dose, 55 and above",No,A2,A1,55,100,70,2,2,28,57,57,50,50,NA,ug,Humoral,Live virus,MNT 50,NT Ab,GMT/CI,1671,1545,1807,Table 3,46.2,44.9,47.9,321,238,433,32,70,100,NA,NA,29,29,B,Lower,50
233,"Chu, L",2021,Vaccine,Yes,No,Yes,No,mRNA-1273,Moderna,mRNA,WT,No,No,A4,"High-dose, 55 and above",Yes,A2,A1,55,100,86,2,1,28,29,29,100,100,NA,ug,Humoral,Live virus,MNT 50,NT Ab,GMT/CI,185,145,236,Table 3,46.2,44.9,47.9,321,238,433,32,60,70,NA,NA,1,1,A,Standard,100
233,"Chu, L",2021,Vaccine,Yes,No,Yes,No,mRNA-1273,Moderna,mRNA,WT,No,No,A4,"High-dose, 55 and above",Yes,A2,A1,55,100,86,2,1,28,29,29,100,100,NA,ug,Humoral,Live virus,MNT 50,NT Ab,GMT/CI,185,145,236,Table 3,46.2,44.9,47.9,321,238,433,32,60,70,NA,NA,1,1,B,Standard,100
233,"Chu, L",2021,Vaccine,Yes,No,Yes,No,mRNA-1273,Moderna,mRNA,WT,No,No,A4,"High-dose, 55 and above",Yes,A2,A1,55,100,62,2,2,28,43,43,100,100,NA,ug,Humoral,Live virus,MNT 50,NT Ab,GMT/CI,1686,1521,1869,Table 3,46.2,44.9,47.9,321,238,433,32,62,100,NA,NA,15,15,A,Standard,100
233,"Chu, L",2021,Vaccine,Yes,No,Yes,No,mRNA-1273,Moderna,mRNA,WT,No,No,A4,"High-dose, 55 and above",Yes,A2,A1,55,100,62,2,2,28,43,43,100,100,NA,ug,Humoral,Live virus,MNT 50,NT Ab,GMT/CI,1686,1521,1869,Table 3,46.2,44.9,47.9,321,238,433,32,62,100,NA,NA,15,15,B,Standard,100
233,"Chu, L",2021,Vaccine,Yes,No,Yes,No,mRNA-1273,Moderna,mRNA,WT,No,No,A4,"High-dose, 55 and above",Yes,A2,A1,55,100,70,2,2,28,57,57,100,100,NA,ug,Humoral,Live virus,MNT 50,NT Ab,GMT/CI,1613,1460,1782,Table 3,46.2,44.9,47.9,321,238,433,32,70,100,NA,NA,29,29,A,Standard,100
233,"Chu, L",2021,Vaccine,Yes,No,Yes,No,mRNA-1273,Moderna,mRNA,WT,No,No,A4,"High-dose, 55 and above",Yes,A2,A1,55,100,70,2,2,28,57,57,100,100,NA,ug,Humoral,Live virus,MNT 50,NT Ab,GMT/CI,1613,1460,1782,Table 3,46.2,44.9,47.9,321,238,433,32,70,100,NA,NA,29,29,B,Standard,100
42,"Ella, R",2021,Lancet ID,Yes,Yes,No,No,BBV152,Covaxin,Inactivated,NA,No,No,A1,"Low-dose, Algel-IMDG",No,A2,A1,18,55,99,2,2,14,28,28,3,3,NA,ug,Humoral,Live virus,MNT 50,NT Ab,GMT/CI,61.7,49,75.9,Figure 3B,NA,NA,NA,62.3,40.8,95.2,41,87,87.9,79.8,94.3,14,14,A,Lower,3
42,"Ella, R",2021,Lancet ID,Yes,Yes,No,No,BBV152,Covaxin,Inactivated,NA,No,No,A2,"High-dose, Algel-IMDG",Yes,A2,A1,18,55,99,2,2,14,28,28,6,6,NA,ug,Humoral,Live virus,MNT 50,NT Ab,GMT/CI,66.1,52.5,81.3,Figure 3B,NA,NA,NA,62.3,40.8,95.2,41,91,91.9,84.6,96,14,14,A,Standard,6
316,"Ella, R",2021,Lancet ID,Yes,No,Yes,No,BBV152,Covaxin,Inactivated,NA,No,No,A1,Low dose,No,A2,A1,12,65,184,2,2,28,56,56,3,3,NA,ug,Humoral,Live virus,PRNT 50,NT Ab,GMT/CI,100.9,74.1,137.4,Abstract,0.1,0.1,0.1,215.8,99.5,458.1,35,171,92.9,NA,NA,28,28,A,Lower,3
316,"Ella, R",2021,Lancet ID,Yes,No,Yes,No,BBV152,Covaxin,Inactivated,NA,No,No,A2,High dose,Yes,A2,A1,12,65,177,2,2,28,56,56,6,6,NA,ug,Humoral,Live virus,PRNT 50,NT Ab,GMT/CI,197,155.6,249.4,Abstract,0.1,0.1,0.1,215.8,99.5,458.1,35,174,98.3,NA,NA,28,28,A,Standard,6
316,"Ella, R",2021,Lancet ID,Yes,No,Yes,No,BBV152,Covaxin,Inactivated,NA,No,No,A1,Low dose,No,A2,A1,12,65,184,2,2,28,56,56,3,3,NA,ug,Humoral,Live virus,MNT 50,NT Ab,GMT/CI,92.5,77.7,110.2,Abstract,0.2,0.2,0.2,36.4,18.4,72.1,35,162,88,NA,NA,28,28,A,Lower,3
316,"Ella, R",2021,Lancet ID,Yes,No,Yes,No,BBV152,Covaxin,Inactivated,NA,No,No,A2,High dose,Yes,A2,A1,12,65,177,2,2,28,56,56,6,6,NA,ug,Humoral,Live virus,MNT 50,NT Ab,GMT/CI,160.1,135.8,188.8,Abstract,0.2,0.2,0.2,36.4,18.4,72.1,35,171,96.6,NA,NA,28,28,A,Standard,6
316,"Ella, R",2021,Lancet ID,Yes,Yes,No,No,BBV152,Covaxin,Inactivated,NA,No,No,A1,Low dose,No,A2,A1,18,55,99,2,2,28,104,104,3,3,NA,ug,Humoral,Live virus,MNT 50,NT Ab,GMT/CI,39.9,32,49.9,Abstract/Figre 4A,0.2,0.2,0.2,36.4,18.4,72.1,35,73,73.5,NA,NA,76,76,A,Lower,3
316,"Ella, R",2021,Lancet ID,Yes,Yes,No,No,BBV152,Covaxin,Inactivated,NA,No,No,A2,High dose,Yes,A2,A1,18,55,99,2,2,28,104,104,6,6,NA,ug,Humoral,Live virus,MNT 50,NT Ab,GMT/CI,69.5,53.7,89.9,Abstract/Figre 4A,0.2,0.2,0.2,36.4,18.4,72.1,35,81,81.8,NA,NA,76,76,A,Standard,6
316,"Ella, R",2021,Lancet ID,Yes,No,Yes,No,BBV152,Covaxin,Inactivated,NA,No,No,A1,Low dose,No,A2,A1,12,65,187,2,2,28,42,42,3,3,NA,ug,Humoral,Live virus,PRNT 50,NT Ab,GMT/CI,78.3,57.9,105.9,Figure 2A,0.1,0.1,0.1,215.8,99.5,458.1,35,165,88.5,NA,NA,14,14,A,Lower,3
316,"Ella, R",2021,Lancet ID,Yes,No,Yes,No,BBV152,Covaxin,Inactivated,NA,No,No,A2,High dose,Yes,A2,A1,12,65,179,2,2,28,42,42,6,6,NA,ug,Humoral,Live virus,PRNT 50,NT Ab,GMT/CI,164.1,130.6,201.8,Figure 2A,0.1,0.1,0.1,215.8,99.5,458.1,35,174,97.2,NA,NA,14,14,A,Standard,6
316,"Ella, R",2021,Lancet ID,Yes,No,Yes,No,BBV152,Covaxin,Inactivated,NA,No,No,A1,Low dose,No,A2,A1,12,65,187,2,2,28,42,42,3,3,NA,ug,Humoral,Live virus,MNT 50,NT Ab,GMT/CI,7.1,5.6,9,Figure 2C,0.2,0.2,0.2,36.4,18.4,72.1,35,158,84.7,NA,NA,14,14,A,Lower,3
316,"Ella, R",2021,Lancet ID,Yes,No,Yes,No,BBV152,Covaxin,Inactivated,NA,No,No,A2,High dose,Yes,A2,A1,12,65,179,2,2,28,42,42,6,6,NA,ug,Humoral,Live virus,MNT 50,NT Ab,GMT/CI,15.7,12.9,19.3,Figure 2C,0.2,0.2,0.2,36.4,18.4,72.1,35,173,96.6,NA,NA,14,14,A,Standard,6
906,"Goepfert, P",2021,Lancet ID,Yes,Yes,Yes,No,CoV2 preS dTM,Sanofi/GSK,Recombinant,NA,No,No,A1,"Low-dose plus AF03, aged 18 to 49",NA,A2,A1,18,49,18,2,1,21,22,22,1.3,1.3,NA,ug,Humoral,Live virus,MNT 50,NT Ab,GMT/CI,5,NA,NA,Table 2/Figure 4A,NA,NA,NA,NA,NA,NA,NA,0,0.6,NA,NA,1,1,A,None,1.3
906,"Goepfert, P",2021,Lancet ID,Yes,Yes,Yes,No,CoV2 preS dTM,Sanofi/GSK,Recombinant,NA,No,No,A1,"Low-dose plus AF03, aged 18 to 49",NA,A2,A1,18,49,18,2,2,21,36,36,1.3,1.3,NA,ug,Humoral,Live virus,MNT 50,NT Ab,GMT/CI,13,6.6,25.8,Table 2/Figure 4A,NA,NA,NA,NA,NA,NA,NA,10,53.687,NA,NA,15,15,A,None,1.3
906,"Goepfert, P",2021,Lancet ID,Yes,Yes,Yes,No,CoV2 preS dTM,Sanofi/GSK,Recombinant,NA,No,No,B1,"Low-dose plus AS03, aged 18 to 49",NA,B2,B1,18,49,54,2,1,21,22,22,1.3,1.3,NA,ug,Humoral,Live virus,MNT 50,NT Ab,GMT/CI,5.3,NA,NA,Table 2/Figure 4A,NA,NA,NA,NA,NA,NA,NA,2,4.25,NA,NA,1,1,B,None,2.6
906,"Goepfert, P",2021,Lancet ID,Yes,Yes,Yes,No,CoV2 preS dTM,Sanofi/GSK,Recombinant,NA,No,No,B1,"Low-dose plus AS03, aged 18 to 49",NA,B2,B1,18,49,54,2,2,21,36,36,1.3,1.3,NA,ug,Humoral,Live virus,MNT 50,NT Ab,GMT/CI,20.3,13.6,31,Table 2/Figure 4A,NA,NA,NA,NA,NA,NA,NA,32,58.706,NA,NA,15,15,B,None,2.6
906,"Goepfert, P",2021,Lancet ID,Yes,Yes,Yes,No,CoV2 preS dTM,Sanofi/GSK,Recombinant,NA,No,No,A2,"High-dose plus AF03, aged 18 to 49",NA,A2,A1,18,49,17,2,1,21,22,22,2.6,2.6,NA,ug,Humoral,Live virus,MNT 50,NT Ab,GMT/CI,NA,NA,NA,Table 2/Figure 4A,NA,NA,NA,NA,NA,NA,NA,0,1.35,NA,NA,1,1,A,None,1.3
906,"Goepfert, P",2021,Lancet ID,Yes,Yes,Yes,No,CoV2 preS dTM,Sanofi/GSK,Recombinant,NA,No,No,A2,"High-dose plus AF03, aged 18 to 49",NA,A2,A1,18,49,17,2,2,21,36,36,2.6,2.6,NA,ug,Humoral,Live virus,MNT 50,NT Ab,GMT/CI,44,21.3,88.5,Table 2/Figure 4A,NA,NA,NA,NA,NA,NA,NA,14,79.703,NA,NA,15,15,A,None,1.3
906,"Goepfert, P",2021,Lancet ID,Yes,Yes,Yes,No,CoV2 preS dTM,Sanofi/GSK,Recombinant,NA,No,No,B2,"High-dose plus AS03, aged 18 to 49",NA,B2,B1,18,49,54,2,1,21,22,22,2.6,2.6,NA,ug,Humoral,Live virus,MNT 50,NT Ab,GMT/CI,5,NA,NA,Table 2/Figure 4A,NA,NA,NA,NA,NA,NA,NA,4,7.664,NA,NA,1,1,B,None,2.6
906,"Goepfert, P",2021,Lancet ID,Yes,Yes,Yes,No,CoV2 preS dTM,Sanofi/GSK,Recombinant,NA,No,No,B2,"High-dose plus AS03, aged 18 to 49",NA,B2,B1,18,49,54,2,2,21,36,36,2.6,2.6,NA,ug,Humoral,Live virus,MNT 50,NT Ab,GMT/CI,76.2,51.1,108.2,Table 2/Figure 4A,NA,NA,NA,NA,NA,NA,NA,48,89.605,NA,NA,15,15,B,None,2.6
906,"Goepfert, P",2021,Lancet ID,Yes,Yes,Yes,No,CoV2 preS dTM,Sanofi/GSK,Recombinant,NA,No,No,A3,"Low-dose plus AF03, aged above 50",NA,A2,A1,50,100,10,2,1,21,22,22,1.3,1.3,NA,ug,Humoral,Live virus,MNT 50,NT Ab,GMT/CI,5,NA,NA,Table 2/Figure 4A,NA,NA,NA,NA,NA,NA,NA,0,0,NA,NA,1,1,C,None,1.3
906,"Goepfert, P",2021,Lancet ID,Yes,Yes,Yes,No,CoV2 preS dTM,Sanofi/GSK,Recombinant,NA,No,No,A3,"Low-dose plus AF03, aged above 50",NA,A2,A1,50,100,10,2,2,21,36,36,1.3,1.3,NA,ug,Humoral,Live virus,MNT 50,NT Ab,GMT/CI,8.6,2,38.4,Table 2/Figure 4A,NA,NA,NA,NA,NA,NA,NA,3,25.06,NA,NA,15,15,C,None,1.3
906,"Goepfert, P",2021,Lancet ID,Yes,Yes,Yes,No,CoV2 preS dTM,Sanofi/GSK,Recombinant,NA,No,No,B3,"Low-dose plus AS03, aged above 50",NA,B2,B1,50,100,28,2,1,21,22,22,1.3,1.3,NA,ug,Humoral,Live virus,MNT 50,NT Ab,GMT/CI,5,NA,NA,Table 2/Figure 4A,NA,NA,NA,NA,NA,NA,NA,0,0,NA,NA,1,1,D,None,2.6
906,"Goepfert, P",2021,Lancet ID,Yes,Yes,Yes,No,CoV2 preS dTM,Sanofi/GSK,Recombinant,NA,No,No,B3,"Low-dose plus AS03, aged above 50",NA,B2,B1,50,100,28,2,2,21,36,36,1.3,1.3,NA,ug,Humoral,Live virus,MNT 50,NT Ab,GMT/CI,13.1,7.4,22.8,Table 2/Figure 4A,NA,NA,NA,NA,NA,NA,NA,12,41.598,NA,NA,15,15,D,None,2.6
906,"Goepfert, P",2021,Lancet ID,Yes,Yes,Yes,No,CoV2 preS dTM,Sanofi/GSK,Recombinant,NA,No,No,A4,"High-dose plus AF03, aged above 50",NA,A2,A1,50,100,10,2,1,21,22,22,2.6,2.6,NA,ug,Humoral,Live virus,MNT 50,NT Ab,GMT/CI,5,NA,NA,Table 2/Figure 4A,NA,NA,NA,NA,NA,NA,NA,0,0,NA,NA,1,1,C,None,1.3
906,"Goepfert, P",2021,Lancet ID,Yes,Yes,Yes,No,CoV2 preS dTM,Sanofi/GSK,Recombinant,NA,No,No,A4,"High-dose plus AF03, aged above 50",NA,A2,A1,50,100,10,2,2,21,36,36,2.6,2.6,NA,ug,Humoral,Live virus,MNT 50,NT Ab,GMT/CI,12.5,4.6,34.8,Table 2/Figure 4A,NA,NA,NA,NA,NA,NA,NA,5,50.037,NA,NA,15,15,C,None,1.3
906,"Goepfert, P",2021,Lancet ID,Yes,Yes,Yes,No,CoV2 preS dTM,Sanofi/GSK,Recombinant,NA,No,No,B4,"High-dose plus AS03, aged above 50",NA,B2,B1,50,100,31,2,1,21,22,22,2.6,2.6,NA,ug,Humoral,Live virus,MNT 50,NT Ab,GMT/CI,5,NA,NA,Table 2/Figure 4A,NA,NA,NA,NA,NA,NA,NA,0,0,NA,NA,1,1,D,None,2.6
906,"Goepfert, P",2021,Lancet ID,Yes,Yes,Yes,No,CoV2 preS dTM,Sanofi/GSK,Recombinant,NA,No,No,B4,"High-dose plus AS03, aged above 50",NA,B2,B1,50,100,31,2,2,21,36,36,2.6,2.6,NA,ug,Humoral,Live virus,MNT 50,NT Ab,GMT/CI,53.3,26.5,104.6,Table 2/Figure 4A,NA,NA,NA,NA,NA,NA,NA,26,85,NA,NA,15,15,D,None,2.6
846,"Han, B",2021,Lancet ID,Yes,Yes,No,No,CoronaVac,Sinovac,Inactivated,NA,No,No,A1,"Low-dose, all, phase 1",No,A2,A1,3,17,27,2,2,28,56,56,1.5,1.5,NA,ug,Humoral,Live virus,MNT 50,NT Ab,GMT/CI,55,38.9,77.9,Table S4-1,2,2,2,NA,NA,NA,NA,27,100,NA,NA,28,28,A,Lower,1.5
846,"Han, B",2021,Lancet ID,Yes,Yes,No,No,CoronaVac,Sinovac,Inactivated,NA,No,No,A2,"High-dose, all, phase 1",Yes,A2,A1,3,17,27,2,2,28,56,56,3,3,NA,ug,Humoral,Live virus,MNT 50,NT Ab,GMT/CI,117.4,87.8,157,Table S4-1,2,2,2,NA,NA,NA,NA,26,100,NA,NA,28,28,A,Standard,3
846,"Han, B",2021,Lancet ID,Yes,Yes,No,No,CoronaVac,Sinovac,Inactivated,NA,No,No,A3,"Low-dose, 3to5, phase 1",No,A2,A1,3,5,9,2,2,28,56,56,1.5,1.5,NA,ug,Humoral,Live virus,MNT 50,NT Ab,GMT/CI,71.9,38,136,Table S4-3,2,2,2,NA,NA,NA,NA,9,100,NA,NA,28,28,B,Lower,1.5
846,"Han, B",2021,Lancet ID,Yes,Yes,No,No,CoronaVac,Sinovac,Inactivated,NA,No,No,A4,"High-dose, 3to5, phase 1",Yes,A2,A1,3,5,9,2,2,28,56,56,3,3,NA,ug,Humoral,Live virus,MNT 50,NT Ab,GMT/CI,212.6,132.2,342.1,Table S4-3,2,2,2,NA,NA,NA,NA,9,100,NA,NA,28,28,B,Standard,3
846,"Han, B",2021,Lancet ID,Yes,Yes,No,No,CoronaVac,Sinovac,Inactivated,NA,No,No,A5,"Low-dose, 6to11, phase 1",No,A2,A1,6,11,9,2,2,28,56,56,1.5,1.5,NA,ug,Humoral,Live virus,MNT 50,NT Ab,GMT/CI,50.5,30.9,82.6,Table S4-3,2,2,2,NA,NA,NA,NA,9,100,NA,NA,28,28,C,Lower,1.5
846,"Han, B",2021,Lancet ID,Yes,Yes,No,No,CoronaVac,Sinovac,Inactivated,NA,No,No,A6,"High-dose, 6to11, phase 1",Yes,A2,A1,6,11,9,2,2,28,56,56,3,3,NA,ug,Humoral,Live virus,MNT 50,NT Ab,GMT/CI,101.6,64,161.2,Table S4-3,2,2,2,NA,NA,NA,NA,9,100,NA,NA,28,28,C,Standard,3
926,"Hsieh, S",2021,EClinicalMedicine,Yes,Yes,No,No,MVCCOV1901,Medigen,Recombinant,NA,No,No,A1,Low dose,No,A3,A1,20,49,15,2,1,28,29,29,5,5,NA,ug,Humoral,Pseudo virus,PsVNA ID50,NT Ab,GMT/CI,18.1,11.44,28.74,Table S4,10,10,10,430.5,274.92,674.04,35,2,13.3,NA,NA,1,1,A,Lower,5
926,"Hsieh, S",2021,EClinicalMedicine,Yes,Yes,No,No,MVCCOV1901,Medigen,Recombinant,NA,No,No,A2,Medium dose,Yes,A3,A1,20,49,15,2,1,28,29,29,15,15,NA,ug,Humoral,Pseudo virus,PsVNA ID50,NT Ab,GMT/CI,56.6,22.27,143.97,Table S4,10,10,10,430.5,274.92,674.04,35,10,66.7,NA,NA,1,1,A,Standard,15
926,"Hsieh, S",2021,EClinicalMedicine,Yes,Yes,No,No,MVCCOV1901,Medigen,Recombinant,NA,No,No,A3,High dose,No,A3,A1,20,49,15,2,1,28,29,29,25,25,NA,ug,Humoral,Pseudo virus,PsVNA ID50,NT Ab,GMT/CI,73,39.82,133.65,Table S4,10,10,10,430.5,274.92,674.04,35,9,60,NA,NA,1,1,A,Higher,25
926,"Hsieh, S",2021,EClinicalMedicine,Yes,Yes,No,No,MVCCOV1901,Medigen,Recombinant,NA,No,No,A1,Low dose,No,A3,A1,20,49,15,2,1,28,29,29,5,5,NA,ug,Humoral,Live virus,MNT 50,NT Ab,GMT/CI,4,4,4,Table S4,4,4,4,42.7,26.38,69.04,35,0,0,NA,NA,1,1,A,Lower,5
926,"Hsieh, S",2021,EClinicalMedicine,Yes,Yes,No,No,MVCCOV1901,Medigen,Recombinant,NA,No,No,A1,Low dose,No,A3,A1,20,49,15,2,2,28,43,43,5,5,NA,ug,Humoral,Live virus,MNT 50,NT Ab,GMT/CI,33.3,18.52,59.93,Table S4,4,4,4,42.7,26.38,69.04,35,12,80,NA,NA,15,15,A,Lower,5
926,"Hsieh, S",2021,EClinicalMedicine,Yes,Yes,No,No,MVCCOV1901,Medigen,Recombinant,NA,No,No,A1,Low dose,No,A3,A1,20,49,15,2,2,28,57,57,5,5,NA,ug,Humoral,Live virus,MNT 50,NT Ab,GMT/CI,36.8,19.86,68.29,Table S4,4,4,4,42.7,26.38,69.04,35,12,80,NA,NA,29,29,A,Lower,5
926,"Hsieh, S",2021,EClinicalMedicine,Yes,Yes,No,No,MVCCOV1901,Medigen,Recombinant,NA,No,No,A2,Medium dose,Yes,A3,A1,20,49,15,2,1,28,29,29,15,15,NA,ug,Humoral,Live virus,MNT 50,NT Ab,GMT/CI,8.2,4.11,16.46,Table S4,4,4,4,42.7,26.38,69.04,35,4,26.7,NA,NA,1,1,A,Standard,15
926,"Hsieh, S",2021,EClinicalMedicine,Yes,Yes,No,No,MVCCOV1901,Medigen,Recombinant,NA,No,No,A2,Medium dose,Yes,A3,A1,20,49,15,2,2,28,43,43,15,15,NA,ug,Humoral,Live virus,MNT 50,NT Ab,GMT/CI,76.3,53.75,108.33,Table S4,4,4,4,42.7,26.38,69.04,35,15,100,NA,NA,15,15,A,Standard,15
926,"Hsieh, S",2021,EClinicalMedicine,Yes,Yes,No,No,MVCCOV1901,Medigen,Recombinant,NA,No,No,A2,Medium dose,Yes,A3,A1,20,49,15,2,2,28,57,57,15,15,NA,ug,Humoral,Live virus,MNT 50,NT Ab,GMT/CI,52.2,37.94,71.82,Table S4,4,4,4,42.7,26.38,69.04,35,15,100,NA,NA,29,29,A,Standard,15
926,"Hsieh, S",2021,EClinicalMedicine,Yes,Yes,No,No,MVCCOV1901,Medigen,Recombinant,NA,No,No,A3,High dose,No,A3,A1,20,49,15,2,1,28,29,29,25,25,NA,ug,Humoral,Live virus,MNT 50,NT Ab,GMT/CI,6.5,4.56,9.23,Table S4,4,4,4,42.7,26.38,69.04,35,1,6.7,NA,NA,1,1,A,Higher,25
926,"Hsieh, S",2021,EClinicalMedicine,Yes,Yes,No,No,MVCCOV1901,Medigen,Recombinant,NA,No,No,A3,High dose,No,A3,A1,20,49,15,2,2,28,43,43,25,25,NA,ug,Humoral,Live virus,MNT 50,NT Ab,GMT/CI,167.4,122.05,229.61,Table S4,4,4,4,42.7,26.38,69.04,35,15,100,NA,NA,15,15,A,Higher,25
926,"Hsieh, S",2021,EClinicalMedicine,Yes,Yes,No,No,MVCCOV1901,Medigen,Recombinant,NA,No,No,A3,High dose,No,A3,A1,20,49,15,2,2,28,57,57,25,25,NA,ug,Humoral,Live virus,MNT 50,NT Ab,GMT/CI,81.9,55.81,120.21,Table S4,4,4,4,42.7,26.38,69.04,35,15,100,NA,NA,29,29,A,Higher,25
11,"Keech, C",2020,NEJM,Yes,Yes,No,No,NVX-CoV2373,Novavax,Recombinant,NA,No,Yes,A1,Group C,Yes,A2,A1,18,59,29,2,2,21,35,35,5,5,NA,ug,Humoral,Live virus,MNT 50,NT Ab,GMT/CI,3906.3,2555.9,5970,Table S11,20,20,20,938.8,579.4,1670.5,29,29,100,NA,NA,14,14,A,Standard,5
11,"Keech, C",2020,NEJM,Yes,Yes,No,No,NVX-CoV2373,Novavax,Recombinant,NA,No,Yes,A2,Group D,No,A2,A1,18,59,27,2,2,21,35,35,25,25,NA,ug,Humoral,Live virus,MNT 50,NT Ab,GMT/CI,3305,2205.3,4953.2,Table S11,20,20,20,938.8,579.4,1670.5,29,27,100,NA,NA,14,14,A,Higher,25
754,"Kremsner, P",2021,Wien Klin Wochenschr,Yes,Yes,No,No,CVnCoV,Curevac,mRNA,NA,No,No,A1,2ug group,No,A5,A1,18,60,34,2,2,28,42,42,2,2,NA,ug,Humoral,Live virus,MNT 50,NT Ab,Median/IQR,46.36321184,2.272635505,945.8390521,Figure 3C,5,5,5,113,60,488,68,24,71,NA,NA,14,14,A,Lower,2
754,"Kremsner, P",2021,Wien Klin Wochenschr,Yes,Yes,No,No,CVnCoV,Curevac,mRNA,NA,No,No,A2,4ug group,No,A5,A1,18,60,34,2,2,28,42,42,4,4,NA,ug,Humoral,Live virus,MNT 50,NT Ab,Median/IQR,34.14242447,1.20321762,968.8232031,Figure 3C,5,5,5,113,60,488,68,23,68,NA,NA,14,14,A,Lower,4
754,"Kremsner, P",2021,Wien Klin Wochenschr,Yes,Yes,No,No,CVnCoV,Curevac,mRNA,NA,No,No,A3,6ug group,No,A5,A1,18,60,36,2,2,28,42,42,6,6,NA,ug,Humoral,Live virus,MNT 50,NT Ab,Median/IQR,21.55870023,2.073925866,224.1051926,Figure 3C,5,5,5,113,60,488,68,20,56,NA,NA,14,14,A,Lower,6
754,"Kremsner, P",2021,Wien Klin Wochenschr,Yes,Yes,No,No,CVnCoV,Curevac,mRNA,NA,No,No,A4,8ug group,No,A5,A1,18,60,34,2,2,28,42,42,8,8,NA,ug,Humoral,Live virus,MNT 50,NT Ab,Median/IQR,50.15949071,4.839322095,519.902263,Figure 3C,5,5,5,113,60,488,68,27,79,NA,NA,14,14,A,Lower,8
754,"Kremsner, P",2021,Wien Klin Wochenschr,Yes,Yes,No,No,CVnCoV,Curevac,mRNA,NA,No,No,A5,12ug group,Yes,A5,A1,18,60,20,2,2,28,42,42,12,12,NA,ug,Humoral,Live virus,MNT 50,NT Ab,Median/IQR,63.08324965,8.465486372,470.0847903,Figure 3C,5,5,5,113,60,488,68,19,83,NA,NA,14,14,A,Standard,12
977,"Guo, W",2021,EClinicalMedicine,Yes,Yes,Yes,No,NA,Sinopharm (Wuhan),Inactivated,NA,Yes,Yes,A1,"3 low doses, aged 18 to 59",No,A3,A1,18,59,84,3,3,28,84,84,2.5,2.5,2.5,ug,Humoral,Live virus,PRNT 50,NT Ab,Median/IQR,178.5192716,24.9746638,1276.058432,Figure 2A,5,5,5,NA,NA,NA,NA,76,90.5,NA,NA,56,28,A,None,2.5
977,"Guo, W",2021,EClinicalMedicine,Yes,Yes,Yes,No,NA,Sinopharm (Wuhan),Inactivated,NA,Yes,Yes,A1,"3 low doses, aged 18 to 59",No,A3,A1,18,59,84,3,3,28,146,146,2.5,2.5,2.5,ug,Humoral,Live virus,PRNT 50,NT Ab,Median/IQR,113.688296,10.40575001,1242.104475,Figure 2A,5,5,5,NA,NA,NA,NA,67,79.8,NA,NA,118,90,A,None,2.5
977,"Guo, W",2021,EClinicalMedicine,Yes,Yes,Yes,No,NA,Sinopharm (Wuhan),Inactivated,NA,Yes,Yes,A2,"3 middle doses, aged 18 to 59",No,A3,A1,18,59,84,3,3,28,84,84,5,5,5,ug,Humoral,Live virus,PRNT 50,NT Ab,Median/IQR,254.3186723,36.978445,1749.072657,Figure 2A,5,5,5,NA,NA,NA,NA,82,97.6,NA,NA,56,28,A,None,5
977,"Guo, W",2021,EClinicalMedicine,Yes,Yes,Yes,No,NA,Sinopharm (Wuhan),Inactivated,NA,Yes,Yes,A2,"3 middle doses, aged 18 to 59",No,A3,A1,18,59,84,3,3,28,146,146,5,5,5,ug,Humoral,Live virus,PRNT 50,NT Ab,Median/IQR,170.790439,27.87787532,1046.327015,Figure 2A,5,5,5,NA,NA,NA,NA,74,88.1,NA,NA,118,90,A,None,5
977,"Guo, W",2021,EClinicalMedicine,Yes,Yes,Yes,No,NA,Sinopharm (Wuhan),Inactivated,NA,Yes,Yes,A3,"3 high doses, aged 18 to 59",No,A3,A1,18,59,84,3,3,28,84,84,10,10,10,ug,Humoral,Live virus,PRNT 50,NT Ab,Median/IQR,205.6642535,42.31118161,999.6833829,Figure 2A,5,5,5,NA,NA,NA,NA,84,100,NA,NA,56,28,A,None,10
977,"Guo, W",2021,EClinicalMedicine,Yes,Yes,Yes,No,NA,Sinopharm (Wuhan),Inactivated,NA,Yes,Yes,A3,"3 high doses, aged 18 to 59",No,A3,A1,18,59,84,3,3,28,146,146,10,10,10,ug,Humoral,Live virus,PRNT 50,NT Ab,Median/IQR,148.2460435,25.14931374,873.8564251,Figure 2A,5,5,5,NA,NA,NA,NA,84,100,NA,NA,118,90,A,None,10
977,"Guo, W",2021,EClinicalMedicine,Yes,Yes,Yes,No,NA,Sinopharm (Wuhan),Inactivated,NA,Yes,Yes,A4,"3 low doses, aged 60 and above",No,A3,A1,60,100,84,3,3,28,84,84,2.5,2.5,2.5,ug,Humoral,Live virus,PRNT 50,NT Ab,Median/IQR,216.8601502,61.62618181,763.1224807,Figure 2C,5,5,5,NA,NA,NA,NA,74,88.1,NA,NA,56,28,B,None,2.5
977,"Guo, W",2021,EClinicalMedicine,Yes,Yes,Yes,No,NA,Sinopharm (Wuhan),Inactivated,NA,Yes,Yes,A4,"3 low doses, aged 60 and above",No,A3,A1,60,100,84,3,3,28,146,146,2.5,2.5,2.5,ug,Humoral,Live virus,PRNT 50,NT Ab,Median/IQR,156.903222,30.45296616,808.4145547,Figure 2C,5,5,5,NA,NA,NA,NA,68,81,NA,NA,118,90,B,None,2.5
977,"Guo, W",2021,EClinicalMedicine,Yes,Yes,Yes,No,NA,Sinopharm (Wuhan),Inactivated,NA,Yes,Yes,A5,"3 middle doses, aged 60 and above",No,A3,A1,60,100,82,3,3,28,84,84,5,5,5,ug,Humoral,Live virus,PRNT 50,NT Ab,Median/IQR,240.8589565,71.10711892,815.854134,Figure 2C,5,5,5,NA,NA,NA,NA,72,87.8,NA,NA,56,28,B,None,5
977,"Guo, W",2021,EClinicalMedicine,Yes,Yes,Yes,No,NA,Sinopharm (Wuhan),Inactivated,NA,Yes,Yes,A5,"3 middle doses, aged 60 and above",No,A3,A1,60,100,82,3,3,28,146,146,5,5,5,ug,Humoral,Live virus,PRNT 50,NT Ab,Median/IQR,166.8099548,28.87668101,963.5996951,Figure 2C,5,5,5,NA,NA,NA,NA,64,78.1,NA,NA,118,90,B,None,5
977,"Guo, W",2021,EClinicalMedicine,Yes,Yes,Yes,No,NA,Sinopharm (Wuhan),Inactivated,NA,Yes,Yes,A6,"3 high doses, aged 60 and above",No,A3,A1,60,100,81,3,3,28,84,84,10,10,10,ug,Humoral,Live virus,PRNT 50,NT Ab,Median/IQR,253.8392904,64.33763967,1001.503718,Figure 2C,5,5,5,NA,NA,NA,NA,73,90.1,NA,NA,56,28,B,None,10
977,"Guo, W",2021,EClinicalMedicine,Yes,Yes,Yes,No,NA,Sinopharm (Wuhan),Inactivated,NA,Yes,Yes,A6,"3 high doses, aged 60 and above",No,A3,A1,60,100,81,3,3,28,146,146,10,10,10,ug,Humoral,Live virus,PRNT 50,NT Ab,Median/IQR,177.3468596,18.00464341,1746.877618,Figure 2C,5,5,5,NA,NA,NA,NA,67,82.7,NA,NA,118,90,B,None,10
118,"Meng, F",2021,Signal Transduction and Targeted Therapy,Yes,Yes,No,No,Sf9 cells,West China Hospital,Recombinant,NA,Yes,Yes,A1,"Low-dose, phase 1, 2 doses, 28 days, adult",No,A2,A1,18,55,24,2,2,28,35,35,20,20,NA,ug,Humoral,Live virus,NA,NT Ab,GMT/CI,0.8,0.7,1,Table 4,0.7,0.7,0.7,NA,NA,NA,NA,0,0,NA,NA,7,7,A,None,20
118,"Meng, F",2021,Signal Transduction and Targeted Therapy,Yes,Yes,No,No,Sf9 cells,West China Hospital,Recombinant,NA,Yes,Yes,A1,"Low-dose, phase 1, 2 doses, 28 days, adult",No,A2,A1,18,55,24,2,2,28,35,35,20,20,NA,ug,Humoral,Pseudo virus,NA,NT Ab,GMT/CI,17.6,14.6,21.2,Table 4,15.5,14.5,16.6,NA,NA,NA,NA,3,13,NA,NA,7,7,A,None,20
118,"Meng, F",2021,Signal Transduction and Targeted Therapy,Yes,Yes,No,No,Sf9 cells,West China Hospital,Recombinant,NA,Yes,Yes,A1,"Low-dose, phase 1, 2 doses, 28 days, adult",No,A2,A1,18,55,24,2,2,28,42,42,20,20,NA,ug,Humoral,Live virus,NA,NT Ab,GMT/CI,1,0.8,1.3,Table 4,0.7,0.7,0.7,NA,NA,NA,NA,1,4,NA,NA,14,14,A,None,20
118,"Meng, F",2021,Signal Transduction and Targeted Therapy,Yes,Yes,No,No,Sf9 cells,West China Hospital,Recombinant,NA,Yes,Yes,A1,"Low-dose, phase 1, 2 doses, 28 days, adult",No,A2,A1,18,55,24,2,2,28,42,42,20,20,NA,ug,Humoral,Pseudo virus,NA,NT Ab,GMT/CI,17,14.7,19.6,Table 4,15.5,14.5,16.6,NA,NA,NA,NA,3,13,NA,NA,14,14,A,None,20
118,"Meng, F",2021,Signal Transduction and Targeted Therapy,Yes,Yes,No,No,Sf9 cells,West China Hospital,Recombinant,NA,Yes,Yes,A1,"Low-dose, phase 1, 2 doses, 28 days, adult",No,A2,A1,18,55,24,2,2,28,56,56,20,20,NA,ug,Humoral,Live virus,NA,NT Ab,GMT/CI,1.2,0.9,1.6,Table 4,0.7,0.7,0.7,NA,NA,NA,NA,1,4,NA,NA,28,28,A,None,20
118,"Meng, F",2021,Signal Transduction and Targeted Therapy,Yes,Yes,No,No,Sf9 cells,West China Hospital,Recombinant,NA,Yes,Yes,A1,"Low-dose, phase 1, 2 doses, 28 days, adult",No,A2,A1,18,55,24,2,2,28,56,56,20,20,NA,ug,Humoral,Pseudo virus,NA,NT Ab,GMT/CI,26.5,19.8,35.5,Table 4,15.5,14.5,16.6,NA,NA,NA,NA,10,42,NA,NA,28,28,A,None,20
118,"Meng, F",2021,Signal Transduction and Targeted Therapy,Yes,Yes,No,No,Sf9 cells,West China Hospital,Recombinant,NA,Yes,Yes,A2,"High-dose, phase 1, 2 doses, 28 days, adult",No,A2,A1,18,55,24,2,2,28,35,35,40,40,NA,ug,Humoral,Live virus,NA,NT Ab,GMT/CI,0.9,0.8,1.2,Table 4,0.7,0.7,0.7,NA,NA,NA,NA,0,0,NA,NA,7,7,A,None,40
118,"Meng, F",2021,Signal Transduction and Targeted Therapy,Yes,Yes,No,No,Sf9 cells,West China Hospital,Recombinant,NA,Yes,Yes,A2,"High-dose, phase 1, 2 doses, 28 days, adult",No,A2,A1,18,55,24,2,2,28,35,35,40,40,NA,ug,Humoral,Pseudo virus,NA,NT Ab,GMT/CI,19.7,15.9,24.5,Table 4,15.5,14.5,16.6,NA,NA,NA,NA,6,25,NA,NA,7,7,A,None,40
118,"Meng, F",2021,Signal Transduction and Targeted Therapy,Yes,Yes,No,No,Sf9 cells,West China Hospital,Recombinant,NA,Yes,Yes,A2,"High-dose, phase 1, 2 doses, 28 days, adult",No,A2,A1,18,55,24,2,2,28,42,42,40,40,NA,ug,Humoral,Live virus,NA,NT Ab,GMT/CI,1.5,1,2.2,Table 4,0.7,0.7,0.7,NA,NA,NA,NA,3,13,NA,NA,14,14,A,None,40
118,"Meng, F",2021,Signal Transduction and Targeted Therapy,Yes,Yes,No,No,Sf9 cells,West China Hospital,Recombinant,NA,Yes,Yes,A2,"High-dose, phase 1, 2 doses, 28 days, adult",No,A2,A1,18,55,24,2,2,28,42,42,40,40,NA,ug,Humoral,Pseudo virus,NA,NT Ab,GMT/CI,18.6,15,23,Table 4,15.5,14.5,16.6,NA,NA,NA,NA,4,17,NA,NA,14,14,A,None,40
118,"Meng, F",2021,Signal Transduction and Targeted Therapy,Yes,Yes,No,No,Sf9 cells,West China Hospital,Recombinant,NA,Yes,Yes,A2,"High-dose, phase 1, 2 doses, 28 days, adult",No,A2,A1,18,55,24,2,2,28,56,56,40,40,NA,ug,Humoral,Live virus,NA,NT Ab,GMT/CI,2.3,1.5,3.3,Table 4,0.7,0.7,0.7,NA,NA,NA,NA,7,29,NA,NA,28,28,A,None,40
118,"Meng, F",2021,Signal Transduction and Targeted Therapy,Yes,Yes,No,No,Sf9 cells,West China Hospital,Recombinant,NA,Yes,Yes,A2,"High-dose, phase 1, 2 doses, 28 days, adult",No,A2,A1,18,55,24,2,2,28,56,56,40,40,NA,ug,Humoral,Pseudo virus,NA,NT Ab,GMT/CI,29,21.5,39.1,Table 4,15.5,14.5,16.6,NA,NA,NA,NA,12,50,NA,NA,28,28,A,None,40
118,"Meng, F",2021,Signal Transduction and Targeted Therapy,Yes,Yes,No,No,Sf9 cells,West China Hospital,Recombinant,NA,Yes,Yes,A3,"Low-dose, phase 1, 2 doses, 28 days, elderly",No,A2,A1,56,100,18,2,2,28,35,35,20,20,NA,ug,Humoral,Live virus,NA,NT Ab,GMT/CI,0.8,0.7,1,Table 4,0.7,0.7,0.7,NA,NA,NA,NA,0,0,NA,NA,7,7,B,None,20
118,"Meng, F",2021,Signal Transduction and Targeted Therapy,Yes,Yes,No,No,Sf9 cells,West China Hospital,Recombinant,NA,Yes,Yes,A3,"Low-dose, phase 1, 2 doses, 28 days, elderly",No,A2,A1,56,100,18,2,2,28,35,35,20,20,NA,ug,Humoral,Pseudo virus,NA,NT Ab,GMT/CI,16.9,14.2,20.1,Table 4,15,15,15,NA,NA,NA,NA,2,11,NA,NA,7,7,B,None,20
118,"Meng, F",2021,Signal Transduction and Targeted Therapy,Yes,Yes,No,No,Sf9 cells,West China Hospital,Recombinant,NA,Yes,Yes,A3,"Low-dose, phase 1, 2 doses, 28 days, elderly",No,A2,A1,56,100,18,2,2,28,42,42,20,20,NA,ug,Humoral,Live virus,NA,NT Ab,GMT/CI,0.9,0.7,1.2,Table 4,0.7,0.7,0.7,NA,NA,NA,NA,0,0,NA,NA,14,14,B,None,20
118,"Meng, F",2021,Signal Transduction and Targeted Therapy,Yes,Yes,No,No,Sf9 cells,West China Hospital,Recombinant,NA,Yes,Yes,A3,"Low-dose, phase 1, 2 doses, 28 days, elderly",No,A2,A1,56,100,18,2,2,28,42,42,20,20,NA,ug,Humoral,Pseudo virus,NA,NT Ab,GMT/CI,15.7,14.2,17.4,Table 4,15,15,15,NA,NA,NA,NA,1,6,NA,NA,14,14,B,None,20
118,"Meng, F",2021,Signal Transduction and Targeted Therapy,Yes,Yes,No,No,Sf9 cells,West China Hospital,Recombinant,NA,Yes,Yes,A3,"Low-dose, phase 1, 2 doses, 28 days, elderly",No,A2,A1,56,100,18,2,2,28,56,56,20,20,NA,ug,Humoral,Live virus,NA,NT Ab,GMT/CI,1,0.8,1.2,Table 4,0.7,0.7,0.7,NA,NA,NA,NA,0,0,NA,NA,28,28,B,None,20
118,"Meng, F",2021,Signal Transduction and Targeted Therapy,Yes,Yes,No,No,Sf9 cells,West China Hospital,Recombinant,NA,Yes,Yes,A3,"Low-dose, phase 1, 2 doses, 28 days, elderly",No,A2,A1,56,100,18,2,2,28,56,56,20,20,NA,ug,Humoral,Pseudo virus,NA,NT Ab,GMT/CI,19.4,15.7,24,Table 4,15,15,15,NA,NA,NA,NA,5,28,NA,NA,28,28,B,None,20
118,"Meng, F",2021,Signal Transduction and Targeted Therapy,Yes,Yes,No,No,Sf9 cells,West China Hospital,Recombinant,NA,Yes,Yes,A4,"High-dose, phase 1, 2 doses, 28 days, elderly",No,A2,A1,56,100,18,2,2,28,35,35,40,40,NA,ug,Humoral,Live virus,NA,NT Ab,GMT/CI,1,0.8,1.3,Table 4,0.7,0.7,0.7,NA,NA,NA,NA,0,0,NA,NA,7,7,B,None,40
118,"Meng, F",2021,Signal Transduction and Targeted Therapy,Yes,Yes,No,No,Sf9 cells,West China Hospital,Recombinant,NA,Yes,Yes,A4,"High-dose, phase 1, 2 doses, 28 days, elderly",No,A2,A1,56,100,18,2,2,28,35,35,40,40,NA,ug,Humoral,Pseudo virus,NA,NT Ab,GMT/CI,16.1,13.9,18.5,Table 4,15,15,15,NA,NA,NA,NA,1,6,NA,NA,7,7,B,None,40
118,"Meng, F",2021,Signal Transduction and Targeted Therapy,Yes,Yes,No,No,Sf9 cells,West China Hospital,Recombinant,NA,Yes,Yes,A4,"High-dose, phase 1, 2 doses, 28 days, elderly",No,A2,A1,56,100,18,2,2,28,42,42,40,40,NA,ug,Humoral,Live virus,NA,NT Ab,GMT/CI,1,0.8,1.4,Table 4,0.7,0.7,0.7,NA,NA,NA,NA,0,0,NA,NA,14,14,B,None,40
118,"Meng, F",2021,Signal Transduction and Targeted Therapy,Yes,Yes,No,No,Sf9 cells,West China Hospital,Recombinant,NA,Yes,Yes,A4,"High-dose, phase 1, 2 doses, 28 days, elderly",No,A2,A1,56,100,18,2,2,28,42,42,40,40,NA,ug,Humoral,Pseudo virus,NA,NT Ab,GMT/CI,21.9,16.6,29.1,Table 4,15,15,15,NA,NA,NA,NA,6,33,NA,NA,14,14,B,None,40
118,"Meng, F",2021,Signal Transduction and Targeted Therapy,Yes,Yes,No,No,Sf9 cells,West China Hospital,Recombinant,NA,Yes,Yes,A4,"High-dose, phase 1, 2 doses, 28 days, elderly",No,A2,A1,56,100,18,2,2,28,56,56,40,40,NA,ug,Humoral,Live virus,NA,NT Ab,GMT/CI,1.5,1.1,2,Table 4,0.7,0.7,0.7,NA,NA,NA,NA,1,6,NA,NA,28,28,B,None,40
118,"Meng, F",2021,Signal Transduction and Targeted Therapy,Yes,Yes,No,No,Sf9 cells,West China Hospital,Recombinant,NA,Yes,Yes,A4,"High-dose, phase 1, 2 doses, 28 days, elderly",No,A2,A1,56,100,18,2,2,28,56,56,40,40,NA,ug,Humoral,Pseudo virus,NA,NT Ab,GMT/CI,25.7,19.4,34.2,Table 4,15,15,15,NA,NA,NA,NA,9,50,NA,NA,28,28,B,None,40
118,"Meng, F",2021,Signal Transduction and Targeted Therapy,Yes,No,Yes,No,Sf9 cells,West China Hospital,Recombinant,NA,Yes,Yes,C1,"Low-dose, phase 2, 2 doses, 21 days, adult",No,C2,C1,18,55,99,2,2,21,35,35,20,20,NA,ug,Humoral,Live virus,NA,NT Ab,GMT/CI,1,0.9,1.2,Table 5,0.7,0.7,0.7,NA,NA,NA,NA,7,7,NA,NA,14,14,C,None,20
118,"Meng, F",2021,Signal Transduction and Targeted Therapy,Yes,No,Yes,No,Sf9 cells,West China Hospital,Recombinant,NA,Yes,Yes,C1,"Low-dose, phase 2, 2 doses, 21 days, adult",No,C2,C1,18,55,99,2,2,21,51,51,20,20,NA,ug,Humoral,Live virus,NA,NT Ab,GMT/CI,1.9,1.6,2.4,Table 5,0.7,0.7,0.7,NA,NA,NA,NA,17,17,NA,NA,30,30,C,None,20
118,"Meng, F",2021,Signal Transduction and Targeted Therapy,Yes,No,Yes,No,Sf9 cells,West China Hospital,Recombinant,NA,Yes,Yes,C2,"High-dose, phase 2, 2 doses, 21 days, adult",No,C2,C1,18,55,100,2,2,21,35,35,40,40,NA,ug,Humoral,Live virus,NA,NT Ab,GMT/CI,2.2,1.7,2.9,Table 5,0.7,0.7,0.7,NA,NA,NA,NA,18,18,NA,NA,14,14,C,None,40
118,"Meng, F",2021,Signal Transduction and Targeted Therapy,Yes,No,Yes,No,Sf9 cells,West China Hospital,Recombinant,NA,Yes,Yes,C2,"High-dose, phase 2, 2 doses, 21 days, adult",No,C2,C1,18,55,100,2,2,21,51,51,40,40,NA,ug,Humoral,Live virus,NA,NT Ab,GMT/CI,3.6,2.6,4.9,Table 5,0.7,0.7,0.7,NA,NA,NA,NA,37,37,NA,NA,30,30,C,None,40
118,"Meng, F",2021,Signal Transduction and Targeted Therapy,Yes,No,Yes,No,Sf9 cells,West China Hospital,Recombinant,NA,Yes,Yes,B3,"Low-dose, phase 2, 3 doses, 28 days, adult",No,B1,B3,18,55,100,3,3,14,58,58,20,20,NA,ug,Humoral,Live virus,NA,NT Ab,GMT/CI,8.1,5.9,11.2,Table 5,0.7,0.7,0.7,NA,NA,NA,NA,73,73,NA,NA,44,30,D,Lower,20
118,"Meng, F",2021,Signal Transduction and Targeted Therapy,Yes,No,Yes,No,Sf9 cells,West China Hospital,Recombinant,NA,Yes,Yes,B4,"High-dose, phase 2, 3 doses, 28 days, adult",Yes,B1,B3,18,55,99,3,3,14,58,58,40,40,NA,ug,Humoral,Live virus,NA,NT Ab,GMT/CI,102.6,75.2,140.1,Table 5,0.7,0.7,0.7,NA,NA,NA,NA,94,96,NA,NA,44,30,D,Standard,40
118,"Meng, F",2021,Signal Transduction and Targeted Therapy,Yes,No,Yes,No,Sf9 cells,West China Hospital,Recombinant,NA,Yes,Yes,C3,"Low-dose, phase 2, 2 doses, 21 days, elderly",No,C2,C1,56,100,99,2,2,21,35,35,20,20,NA,ug,Humoral,Live virus,NA,NT Ab,GMT/CI,1,0.9,1.1,Table 5,0.7,0.7,0.7,NA,NA,NA,NA,1,1,NA,NA,14,14,E,None,20
118,"Meng, F",2021,Signal Transduction and Targeted Therapy,Yes,No,Yes,No,Sf9 cells,West China Hospital,Recombinant,NA,Yes,Yes,C3,"Low-dose, phase 2, 2 doses, 21 days, elderly",No,C2,C1,56,100,99,2,2,21,51,51,20,20,NA,ug,Humoral,Live virus,NA,NT Ab,GMT/CI,1.3,1.2,1.5,Table 5,0.7,0.7,0.7,NA,NA,NA,NA,4,4,NA,NA,30,30,E,None,20
118,"Meng, F",2021,Signal Transduction and Targeted Therapy,Yes,No,Yes,No,Sf9 cells,West China Hospital,Recombinant,NA,Yes,Yes,C4,"High-dose, phase 2, 2 doses, 21 days, elderly",No,C2,C1,56,100,99,2,2,21,35,35,40,40,NA,ug,Humoral,Live virus,NA,NT Ab,GMT/CI,1.1,0.9,1.1,Table 5,0.7,0.7,0.7,NA,NA,NA,NA,4,4,NA,NA,14,14,E,None,40
118,"Meng, F",2021,Signal Transduction and Targeted Therapy,Yes,No,Yes,No,Sf9 cells,West China Hospital,Recombinant,NA,Yes,Yes,C4,"High-dose, phase 2, 2 doses, 21 days, elderly",No,C2,C1,56,100,99,2,2,21,51,51,40,40,NA,ug,Humoral,Live virus,NA,NT Ab,GMT/CI,1.6,1.4,1.9,Table 5,0.7,0.7,0.7,NA,NA,NA,NA,11,11,NA,NA,30,30,E,None,40
118,"Meng, F",2021,Signal Transduction and Targeted Therapy,Yes,No,Yes,No,Sf9 cells,West China Hospital,Recombinant,NA,Yes,Yes,B5,"Low-dose, phase 2, 3 doses, 28 days, elderly",No,B1,B3,56,100,99,3,3,14,58,58,20,20,NA,ug,Humoral,Live virus,NA,NT Ab,GMT/CI,1.7,1.4,2.1,Table 5,0.7,0.7,0.7,NA,NA,NA,NA,18,18,NA,NA,44,30,F,Lower,20
118,"Meng, F",2021,Signal Transduction and Targeted Therapy,Yes,No,Yes,No,Sf9 cells,West China Hospital,Recombinant,NA,Yes,Yes,B6,"High-dose, phase 2, 3 doses, 28 days, elderly",Yes,B1,B3,56,100,98,3,3,14,58,58,40,40,NA,ug,Humoral,Live virus,NA,NT Ab,GMT/CI,21.3,13.8,33.1,Table 5,0.7,0.7,0.7,NA,NA,NA,NA,72,73,NA,NA,44,30,F,Standard,40
303,"Ward, B",2021,Nat Med,Yes,Yes,No,No,Plant-based VLP,Medicago,Virus-like particle,NA,No,No,A1,"3.75ug, AS03",Yes,A3,A1,18,55,20,2,2,21,42,42,3.75,3.75,NA,ug,Humoral,Pseudo virus,PsVNA IC50,NT Ab,GMT/CI,2118,1373,3171,Figure 3B,5,5,5,199,106,349,35,18,100,NA,NA,21,21,A,Standard,3.75
303,"Ward, B",2021,Nat Med,Yes,Yes,No,No,Plant-based VLP,Medicago,Virus-like particle,NA,No,No,B1,"3.75, CpG1018",No,B3,B1,18,55,20,2,2,21,42,42,3.75,3.75,NA,ug,Humoral,Pseudo virus,PsVNA IC50,NT Ab,GMT/CI,71,32,155,Figure 3B,5,5,5,199,106,349,35,12,63.2,NA,NA,21,21,B,None,3.75
303,"Ward, B",2021,Nat Med,Yes,Yes,No,No,Plant-based VLP,Medicago,Virus-like particle,NA,No,No,A2,"7.5ug, AS03",No,A3,A1,18,55,20,2,2,21,42,42,7.5,7.5,NA,ug,Humoral,Pseudo virus,PsVNA IC50,NT Ab,GMT/CI,1884,1316,2553,Figure 3B,5,5,5,199,106,349,35,20,100,NA,NA,21,21,A,Higher,7.5
303,"Ward, B",2021,Nat Med,Yes,Yes,No,No,Plant-based VLP,Medicago,Virus-like particle,NA,No,No,B2,"7.5, CpG1018",No,B3,B1,18,55,20,2,2,21,42,42,7.5,7.5,NA,ug,Humoral,Pseudo virus,PsVNA IC50,NT Ab,GMT/CI,112,62,193,Figure 3B,5,5,5,199,106,349,35,14,73.7,NA,NA,21,21,B,None,7.5
303,"Ward, B",2021,Nat Med,Yes,Yes,No,No,Plant-based VLP,Medicago,Virus-like particle,NA,No,No,A3,"15ug, AS03",No,A3,A1,18,55,20,2,2,21,42,42,15,15,NA,ug,Humoral,Pseudo virus,PsVNA IC50,NT Ab,GMT/CI,1201,697,1951,Figure 3B,5,5,5,199,106,349,35,20,100,NA,NA,21,21,A,Higher,15
303,"Ward, B",2021,Nat Med,Yes,Yes,No,No,Plant-based VLP,Medicago,Virus-like particle,NA,No,No,B3,"15, CpG1018",No,B3,B1,18,55,20,2,2,21,42,42,15,15,NA,ug,Humoral,Pseudo virus,PsVNA IC50,NT Ab,GMT/CI,118,60,216,Figure 3B,5,5,5,199,106,349,35,12,75,NA,NA,21,21,B,None,15
303,"Ward, B",2021,Nat Med,Yes,Yes,No,No,Plant-based VLP,Medicago,Virus-like particle,NA,No,No,A1,"3.75ug, AS03",Yes,A3,A1,18,55,20,2,2,21,42,42,3.75,3.75,NA,ug,Humoral,Live virus,PRNT 50,NT Ab,GMT/CI,811,493,1320,Figure 3C,5,5,5,58,37,101,35,19,100,NA,NA,21,21,A,Standard,3.75
303,"Ward, B",2021,Nat Med,Yes,Yes,No,No,Plant-based VLP,Medicago,Virus-like particle,NA,No,No,B1,"3.75, CpG1018",No,B3,B1,18,55,20,2,2,21,42,42,3.75,3.75,NA,ug,Humoral,Live virus,PRNT 50,NT Ab,GMT/CI,57,27,119,Figure 3C,5,5,5,58,37,101,35,14,70,NA,NA,21,21,B,None,3.75
303,"Ward, B",2021,Nat Med,Yes,Yes,No,No,Plant-based VLP,Medicago,Virus-like particle,NA,No,No,A2,"7.5ug, AS03",No,A3,A1,18,55,20,2,2,21,42,42,7.5,7.5,NA,ug,Humoral,Live virus,PRNT 50,NT Ab,GMT/CI,1325,956,1800,Figure 3C,5,5,5,58,37,101,35,20,100,NA,NA,21,21,A,Higher,7.5
303,"Ward, B",2021,Nat Med,Yes,Yes,No,No,Plant-based VLP,Medicago,Virus-like particle,NA,No,No,B2,"7.5, CpG1018",No,B3,B1,18,55,20,2,2,21,42,42,7.5,7.5,NA,ug,Humoral,Live virus,PRNT 50,NT Ab,GMT/CI,157,80,294,Figure 3C,5,5,5,58,37,101,35,20,100,NA,NA,21,21,B,None,7.5
303,"Ward, B",2021,Nat Med,Yes,Yes,No,No,Plant-based VLP,Medicago,Virus-like particle,NA,No,No,A3,"15ug, AS03",No,A3,A1,18,55,20,2,2,21,42,42,15,15,NA,ug,Humoral,Live virus,PRNT 50,NT Ab,GMT/CI,937,581,1449,Figure 3C,5,5,5,58,37,101,35,20,100,NA,NA,21,21,A,Higher,15
303,"Ward, B",2021,Nat Med,Yes,Yes,No,No,Plant-based VLP,Medicago,Virus-like particle,NA,No,No,B3,"15, CpG1018",No,B3,B1,18,55,20,2,2,21,42,42,15,15,NA,ug,Humoral,Live virus,PRNT 50,NT Ab,GMT/CI,157,74,319,Figure 3C,5,5,5,58,37,101,35,17,94.4,NA,NA,21,21,B,None,15
218,"Li, J",2021,Nat Med,Yes,Yes,No,No,BNT162b1,Pfizer/BioNTech,mRNA,NA,No,No,A1,"10ug, adult",No,A2,A1,18,55,24,2,2,21,28,28,10,10,NA,ug,Humoral,Live virus,MNT 50,NT Ab,GMT/CI,56.6,32,101,Figure 2A,5,5,5,119.9,70.4,204.6,24,18,75.253,NA,NA,7,7,A,Lower,10
218,"Li, J",2021,Nat Med,Yes,Yes,No,No,BNT162b1,Pfizer/BioNTech,mRNA,NA,No,No,A1,"10ug, adult",No,A2,A1,18,55,24,2,2,21,42,42,10,10,NA,ug,Humoral,Live virus,MNT 50,NT Ab,GMT/CI,232.9,163,359,Figure 2A,5,5,5,119.9,70.4,204.6,24,24,100,NA,NA,21,21,A,Lower,10
218,"Li, J",2021,Nat Med,Yes,Yes,No,No,BNT162b1,Pfizer/BioNTech,mRNA,NA,No,No,A2,"30ug, adult",Yes,A2,A1,18,55,24,2,2,21,28,28,30,30,NA,ug,Humoral,Live virus,MNT 50,NT Ab,GMT/CI,119.9,81,173,Figure 2A,5,5,5,119.9,70.4,204.6,24,23,95.96,NA,NA,7,7,A,Standard,30
218,"Li, J",2021,Nat Med,Yes,Yes,No,No,BNT162b1,Pfizer/BioNTech,mRNA,NA,No,No,A2,"30ug, adult",Yes,A2,A1,18,55,24,2,2,21,42,42,30,30,NA,ug,Humoral,Live virus,MNT 50,NT Ab,GMT/CI,254,185,349,Figure 2A,5,5,5,119.9,70.4,204.6,24,24,100,NA,NA,21,21,A,Standard,30
218,"Li, J",2021,Nat Med,Yes,Yes,No,No,BNT162b1,Pfizer/BioNTech,mRNA,NA,No,No,A3,"10ug, elderly",No,A2,A1,56,85,24,2,2,21,28,28,10,10,NA,ug,Humoral,Live virus,MNT 50,NT Ab,GMT/CI,14.4,9,24,Figure 2A,5,5,5,119.9,70.4,204.6,24,11,47.703,NA,NA,7,7,B,Lower,10
218,"Li, J",2021,Nat Med,Yes,Yes,No,No,BNT162b1,Pfizer/BioNTech,mRNA,NA,No,No,A3,"10ug, elderly",No,A2,A1,56,85,24,2,2,21,42,42,10,10,NA,ug,Humoral,Live virus,MNT 50,NT Ab,GMT/CI,80,50,131,Figure 2A,5,5,5,119.9,70.4,204.6,24,22,91.313,NA,NA,21,21,B,Lower,10
218,"Li, J",2021,Nat Med,Yes,Yes,No,No,BNT162b1,Pfizer/BioNTech,mRNA,NA,No,No,A4,"30ug, elderly",Yes,A2,A1,56,85,24,2,2,21,28,28,30,30,NA,ug,Humoral,Live virus,MNT 50,NT Ab,GMT/CI,49.4,26,92,Figure 2A,5,5,5,119.9,70.4,204.6,24,19,78.308,NA,NA,7,7,B,Standard,30
218,"Li, J",2021,Nat Med,Yes,Yes,No,No,BNT162b1,Pfizer/BioNTech,mRNA,NA,No,No,A4,"30ug, elderly",Yes,A2,A1,56,85,24,2,2,21,42,42,30,30,NA,ug,Humoral,Live virus,MNT 50,NT Ab,GMT/CI,160,96,263,Figure 2A,5,5,5,119.9,70.4,204.6,24,23,95.485,NA,NA,21,21,B,Standard,30
16,"Sadoff, J",2021,NEJM,Yes,Yes,Yes,No,Ad26.COV2.S,Janssen,Vector,NA,No,Yes,A3,"Low dose, 1 dose, elderly",Yes,A2,A1,56,100,23,1,1,0,14,14,5,NA,NA,10^10,Humoral,Live virus,MNT 50,NT Ab,GMT/CI,212,130,339,Figure 2B,28,28,28,522,299,891,32,21,91,NA,NA,14,14,B,Standard,5
16,"Sadoff, J",2021,NEJM,Yes,Yes,Yes,No,Ad26.COV2.S,Janssen,Vector,NA,No,Yes,A3,"Low dose, 1 dose, elderly",Yes,A2,A1,56,100,50,1,1,0,29,29,5,NA,NA,10^10,Humoral,Live virus,MNT 50,NT Ab,GMT/CI,277,204,372,Figure 2B,28,28,28,522,299,891,32,48,96,NA,NA,29,29,B,Standard,5
16,"Sadoff, J",2021,NEJM,Yes,Yes,Yes,No,Ad26.COV2.S,Janssen,Vector,NA,No,Yes,A4,"High dose, 1 dose, elderly",No,A2,A1,56,100,25,1,1,0,14,14,10,NA,NA,10^10,Humoral,Live virus,MNT 50,NT Ab,GMT/CI,172,117,257,Figure 2B,28,28,28,522,299,891,32,21,84,NA,NA,14,14,B,Higher,10
16,"Sadoff, J",2021,NEJM,Yes,Yes,Yes,No,Ad26.COV2.S,Janssen,Vector,NA,No,Yes,A4,"High dose, 1 dose, elderly",No,A2,A1,56,100,50,1,1,0,29,29,10,NA,NA,10^10,Humoral,Live virus,MNT 50,NT Ab,GMT/CI,212,166,275,Figure 2B,28,28,28,522,299,891,32,44,88,NA,NA,29,29,B,Higher,10
30,"Zhang, Y",2021,Lancet ID,Yes,Yes,No,No,CoronaVac,Sinovac,Inactivated,NA,Yes,No,A1,"Low dose, 14 days interval, phase 1",Yes,A2,A1,18,59,24,2,2,14,28,28,3,3,NA,ug,Humoral,Live virus,MNT 50,NT Ab,GMT/CI,5.6,3.6,8.7,Figure 2A,2,2,2,163.7,128.5,208.6,117,11,45.8,NA,NA,14,14,A,Standard,3
30,"Zhang, Y",2021,Lancet ID,Yes,Yes,No,No,CoronaVac,Sinovac,Inactivated,NA,Yes,No,A2,"High dose, 14 days interval, phase 1",No,A2,A1,18,59,24,2,2,14,28,28,6,6,NA,ug,Humoral,Live virus,MNT 50,NT Ab,GMT/CI,7.7,5.2,11.5,Figure 2A,2,2,2,163.7,128.5,208.6,117,12,50,NA,NA,14,14,A,Higher,6
30,"Zhang, Y",2021,Lancet ID,Yes,Yes,No,No,CoronaVac,Sinovac,Inactivated,NA,Yes,No,A1,"Low dose, 14 days interval, phase 1",Yes,A2,A1,18,59,24,2,2,14,42,42,3,3,NA,ug,Humoral,Live virus,MNT 50,NT Ab,GMT/CI,5.4,3.6,8.1,Figure 2A,2,2,2,163.7,128.5,208.6,117,6,25,NA,NA,28,28,A,Standard,3
30,"Zhang, Y",2021,Lancet ID,Yes,Yes,No,No,CoronaVac,Sinovac,Inactivated,NA,Yes,No,A2,"High dose, 14 days interval, phase 1",No,A2,A1,18,59,24,2,2,14,42,42,6,6,NA,ug,Humoral,Live virus,MNT 50,NT Ab,GMT/CI,15.2,11.2,20.7,Figure 2A,2,2,2,163.7,128.5,208.6,117,20,83.3,NA,NA,28,28,A,Higher,6
30,"Zhang, Y",2021,Lancet ID,Yes,Yes,No,No,CoronaVac,Sinovac,Inactivated,NA,Yes,No,B1,"Low dose, 28 days interval, phase 1",Yes,B2,B1,18,59,24,2,2,28,42,42,3,3,NA,ug,Humoral,Live virus,MNT 50,NT Ab,GMT/CI,16,10.4,24.7,Figure 2B,2,2,2,163.7,128.5,208.6,117,19,79.2,NA,NA,14,14,B,Standard,3
30,"Zhang, Y",2021,Lancet ID,Yes,Yes,No,No,CoronaVac,Sinovac,Inactivated,NA,Yes,No,B2,"High dose, 28 days interval, phase 1",No,B2,B1,18,59,24,2,2,28,42,42,6,6,NA,ug,Humoral,Live virus,MNT 50,NT Ab,GMT/CI,25.9,14.6,46.1,Figure 2B,2,2,2,163.7,128.5,208.6,117,20,83.3,NA,NA,14,14,B,Higher,6
30,"Zhang, Y",2021,Lancet ID,Yes,Yes,No,No,CoronaVac,Sinovac,Inactivated,NA,Yes,No,B1,"Low dose, 28 days interval, phase 1",Yes,B2,B1,18,59,24,2,2,28,56,56,3,3,NA,ug,Humoral,Live virus,MNT 50,NT Ab,GMT/CI,19,13.2,27.4,Figure 2B,2,2,2,163.7,128.5,208.6,117,20,83.3,NA,NA,28,28,B,Standard,3
30,"Zhang, Y",2021,Lancet ID,Yes,Yes,No,No,CoronaVac,Sinovac,Inactivated,NA,Yes,No,B2,"High dose, 28 days interval, phase 1",No,B2,B1,18,59,24,2,2,28,56,56,6,6,NA,ug,Humoral,Live virus,MNT 50,NT Ab,GMT/CI,29.6,17.9,48.9,Figure 2B,2,2,2,163.7,128.5,208.6,117,19,79.2,NA,NA,28,28,B,Higher,6
30,"Zhang, Y",2021,Lancet ID,Yes,No,Yes,No,CoronaVac,Sinovac,Inactivated,NA,Yes,No,A3,"Low dose, 14 days interval, phase 2",Yes,A2,A1,18,59,118,2,2,14,28,28,3,3,NA,ug,Humoral,Live virus,MNT 50,NT Ab,GMT/CI,27.6,22.7,33.5,Figure 2C,2,2,2,163.7,128.5,208.6,117,109,92.4,NA,NA,14,14,C,Standard,3
30,"Zhang, Y",2021,Lancet ID,Yes,No,Yes,No,CoronaVac,Sinovac,Inactivated,NA,Yes,No,A4,"High dose, 14 days interval, phase 2",No,A2,A1,18,59,119,2,2,14,28,28,6,6,NA,ug,Humoral,Live virus,MNT 50,NT Ab,GMT/CI,34.5,28.5,41.8,Figure 2C,2,2,2,163.7,128.5,208.6,117,117,98.3,NA,NA,14,14,C,Higher,6
30,"Zhang, Y",2021,Lancet ID,Yes,No,Yes,No,CoronaVac,Sinovac,Inactivated,NA,Yes,No,A3,"Low dose, 14 days interval, phase 2",Yes,A2,A1,18,59,118,2,2,14,42,42,3,3,NA,ug,Humoral,Live virus,MNT 50,NT Ab,GMT/CI,23.8,20.5,27.7,Figure 2C,2,2,2,163.7,128.5,208.6,117,111,94.1,NA,NA,28,28,C,Standard,3
30,"Zhang, Y",2021,Lancet ID,Yes,No,Yes,No,CoronaVac,Sinovac,Inactivated,NA,Yes,No,A4,"High dose, 14 days interval, phase 2",No,A2,A1,18,59,118,2,2,14,42,42,6,6,NA,ug,Humoral,Live virus,MNT 50,NT Ab,GMT/CI,30.1,26.1,34.7,Figure 2C,2,2,2,163.7,128.5,208.6,117,117,99.2,NA,NA,28,28,C,Higher,6
30,"Zhang, Y",2021,Lancet ID,Yes,No,Yes,No,CoronaVac,Sinovac,Inactivated,NA,Yes,No,B3,"Low dose, 28 days interval, phase 2",Yes,B2,B1,18,59,117,2,2,28,56,56,3,3,NA,ug,Humoral,Live virus,MNT 50,NT Ab,GMT/CI,44.1,37.2,52.2,Figure 2D,2,2,2,163.7,128.5,208.6,117,114,97.4,NA,NA,28,28,D,Standard,3
30,"Zhang, Y",2021,Lancet ID,Yes,No,Yes,No,CoronaVac,Sinovac,Inactivated,NA,Yes,No,B4,"High dose, 28 days interval, phase 2",No,B2,B1,18,59,118,2,2,28,56,56,6,6,NA,ug,Humoral,Live virus,MNT 50,NT Ab,GMT/CI,65.4,56.4,75.9,Figure 2D,2,2,2,163.7,128.5,208.6,117,118,100,NA,NA,28,28,D,Higher,6
346,"Yang, S",2021,Lancet ID,Yes,Yes,No,No,ZF2001,Anhui Zhifei,Recombinant,NA,No,Yes,A1,"25ug, 3 doses, phase 1",Yes,A2,A1,18,59,20,3,3,30,67,67,25,25,25,ug,Humoral,Live virus,MNT 50,NT Ab,GMT/CI,94.5,49.3,181.3,Figure 2D,2,2,2,51.2,38.3,70.5,89,15,100,NA,NA,37,7,A,Standard,25
346,"Yang, S",2021,Lancet ID,Yes,Yes,No,No,ZF2001,Anhui Zhifei,Recombinant,NA,No,Yes,A2,"50ug, 3 doses, phase 1",No,A2,A1,18,59,20,3,3,30,67,67,50,50,50,ug,Humoral,Live virus,MNT 50,NT Ab,GMT/CI,117.8,64.6,214.9,Figure 2D,2,2,2,51.2,38.3,70.5,89,18,100,NA,NA,37,7,A,Higher,50
346,"Yang, S",2021,Lancet ID,Yes,No,Yes,No,ZF2001,Anhui Zhifei,Recombinant,NA,No,Yes,A3,"25ug, 3 doses, phase 2",Yes,A2,A1,18,59,150,3,3,30,74,74,25,25,25,ug,Humoral,Live virus,MNT 50,NT Ab,GMT/CI,103,81.8,128.5,Figure 2H,2,2,2,51.2,38.3,70.5,89,143,96.6,NA,NA,44,14,C,Standard,25
346,"Yang, S",2021,Lancet ID,Yes,No,Yes,No,ZF2001,Anhui Zhifei,Recombinant,NA,No,Yes,B1,"25ug, 2 doses, phase 2",No,B2,B1,18,59,150,2,2,30,44,44,25,25,NA,ug,Humoral,Live virus,MNT 50,NT Ab,GMT/CI,17.7,13.6,23.1,Figure S13D,2,2,2,51.2,38.3,70.5,89,114,76,NA,NA,14,14,B,None,25
346,"Yang, S",2021,Lancet ID,Yes,No,Yes,No,ZF2001,Anhui Zhifei,Recombinant,NA,No,Yes,B2,"50ug, 2 doses, phase 2",No,B2,B1,18,59,150,2,2,30,44,44,50,50,NA,ug,Humoral,Live virus,MNT 50,NT Ab,GMT/CI,14.4,10.8,18.3,Figure S13D,2,2,2,51.2,38.3,70.5,89,108,72,NA,NA,14,14,B,None,50
15,"Xia, S",2020,Lancet ID,Yes,Yes,No,No,BBIBP-CorV,Sinopharm (Beijing),Inactivated,NA,Yes,Yes,A1,"2ug, phase 1, adult",No,A3,A1,18,59,32,2,2,28,32,32,2,2,NA,ug,Humoral,Live virus,MNT 50,NT Ab,GMT/CI,41.9,33.5,52.5,Figure 2B/Appendix,2,2,2,NA,NA,NA,NA,32,100,NA,NA,4,4,A,Lower,2
15,"Xia, S",2020,Lancet ID,Yes,Yes,No,No,BBIBP-CorV,Sinopharm (Beijing),Inactivated,NA,Yes,Yes,A2,"4ug, phase 1, adult",Yes,A3,A1,18,59,32,2,2,28,32,32,4,4,NA,ug,Humoral,Live virus,MNT 50,NT Ab,GMT/CI,84.8,65.4,110.1,Figure 2B/Appendix,2,2,2,NA,NA,NA,NA,32,100,NA,NA,4,4,A,Standard,4
15,"Xia, S",2020,Lancet ID,Yes,Yes,No,No,BBIBP-CorV,Sinopharm (Beijing),Inactivated,NA,Yes,Yes,A3,"8ug, phase 1, adult",No,A3,A1,18,59,32,2,2,28,32,32,8,8,NA,ug,Humoral,Live virus,MNT 50,NT Ab,GMT/CI,94.3,80,111.2,Figure 2B/Appendix,2,2,2,NA,NA,NA,NA,32,100,NA,NA,4,4,A,Higher,8
15,"Xia, S",2020,Lancet ID,Yes,Yes,No,No,BBIBP-CorV,Sinopharm (Beijing),Inactivated,NA,Yes,Yes,A1,"2ug, phase 1, adult",No,A3,A1,18,59,32,2,2,28,42,42,2,2,NA,ug,Humoral,Live virus,MNT 50,NT Ab,GMT/CI,87.7,64.9,118.6,Figure 2B/Appendix,2,2,2,NA,NA,NA,NA,32,100,NA,NA,14,14,A,Lower,2
15,"Xia, S",2020,Lancet ID,Yes,Yes,No,No,BBIBP-CorV,Sinopharm (Beijing),Inactivated,NA,Yes,Yes,A2,"4ug, phase 1, adult",Yes,A3,A1,18,59,32,2,2,28,42,42,4,4,NA,ug,Humoral,Live virus,MNT 50,NT Ab,GMT/CI,211.2,159,280.6,Figure 2B/Appendix,2,2,2,NA,NA,NA,NA,32,100,NA,NA,14,14,A,Standard,4
15,"Xia, S",2020,Lancet ID,Yes,Yes,No,No,BBIBP-CorV,Sinopharm (Beijing),Inactivated,NA,Yes,Yes,A3,"8ug, phase 1, adult",No,A3,A1,18,59,32,2,2,28,42,42,8,8,NA,ug,Humoral,Live virus,MNT 50,NT Ab,GMT/CI,228.7,186.1,281.1,Figure 2B/Appendix,2,2,2,NA,NA,NA,NA,32,100,NA,NA,14,14,A,Higher,8
15,"Xia, S",2020,Lancet ID,Yes,Yes,No,No,BBIBP-CorV,Sinopharm (Beijing),Inactivated,NA,Yes,Yes,A4,"2ug, phase 1, elderly",No,A3,A1,60,80,32,2,2,28,32,32,2,2,NA,ug,Humoral,Live virus,MNT 50,NT Ab,GMT/CI,31.4,21.7,45.5,Figure 2D/Appendix,2,2,2,NA,NA,NA,NA,31,95.89,NA,NA,4,4,B,Lower,2
15,"Xia, S",2020,Lancet ID,Yes,Yes,No,No,BBIBP-CorV,Sinopharm (Beijing),Inactivated,NA,Yes,Yes,A5,"4ug, phase 1, elderly",Yes,A3,A1,60,80,32,2,2,28,32,32,4,4,NA,ug,Humoral,Live virus,MNT 50,NT Ab,GMT/CI,60.7,46.3,79.5,Figure 2D/Appendix,2,2,2,NA,NA,NA,NA,32,100,NA,NA,4,4,B,Standard,4
15,"Xia, S",2020,Lancet ID,Yes,Yes,No,No,BBIBP-CorV,Sinopharm (Beijing),Inactivated,NA,Yes,Yes,A6,"8ug, phase 1, elderly",No,A3,A1,60,80,32,2,2,28,32,32,8,8,NA,ug,Humoral,Live virus,MNT 50,NT Ab,GMT/CI,73.3,59.5,90.3,Figure 2D/Appendix,2,2,2,NA,NA,NA,NA,32,100,NA,NA,4,4,B,Higher,8
15,"Xia, S",2020,Lancet ID,Yes,Yes,No,No,BBIBP-CorV,Sinopharm (Beijing),Inactivated,NA,Yes,Yes,A4,"2ug, phase 1, elderly",No,A3,A1,60,80,32,2,2,28,42,42,2,2,NA,ug,Humoral,Live virus,MNT 50,NT Ab,GMT/CI,80.7,65.3,99.6,Figure 2D/Appendix,2,2,2,NA,NA,NA,NA,32,100,NA,NA,14,14,B,Lower,2
15,"Xia, S",2020,Lancet ID,Yes,Yes,No,No,BBIBP-CorV,Sinopharm (Beijing),Inactivated,NA,Yes,Yes,A5,"4ug, phase 1, elderly",Yes,A3,A1,60,80,32,2,2,28,42,42,4,4,NA,ug,Humoral,Live virus,MNT 50,NT Ab,GMT/CI,131.5,108.2,159.7,Figure 2D/Appendix,2,2,2,NA,NA,NA,NA,32,100,NA,NA,14,14,B,Standard,4
15,"Xia, S",2020,Lancet ID,Yes,Yes,No,No,BBIBP-CorV,Sinopharm (Beijing),Inactivated,NA,Yes,Yes,A6,"8ug, phase 1, elderly",No,A3,A1,60,80,32,2,2,28,42,42,8,8,NA,ug,Humoral,Live virus,MNT 50,NT Ab,GMT/CI,170.9,133,219.5,Figure 2D/Appendix,2,2,2,NA,NA,NA,NA,32,100,NA,NA,14,14,B,Higher,8
321,"Wu, Z",2021,Lancet ID,Yes,No,Yes,No,CoronaVac,Sinovac,Inactivated,NA,No,No,A3,"1.5ug, phase 2",No,A2,A3,60,100,97,2,2,28,56,56,1.5,1.5,NA,ug,Humoral,Live virus,MNT 50,NT Ab,GMT/CI,23.4,19.4,28.3,Appendix 5-2,2,2,2,NA,NA,NA,NA,88,90.7,NA,NA,28,28,A,Lower,1.5
526,"Wu, S",2021,Lancet ID,Yes,Yes,No,No,Ad5-nCoV,AMMS,Vector,NA,No,No,A1,1Dium,No,A2,A1,18,100,26,1,1,0,14,14,5,NA,NA,10^10,Humoral,Live virus,PRNT 50,NT Ab,GMT/CI,65,39,117,Figure 3C/Table S5,4,4,4,NA,NA,NA,NA,23,88.5,NA,NA,14,14,A,None,5
526,"Wu, S",2021,Lancet ID,Yes,Yes,No,No,Ad5-nCoV,AMMS,Vector,NA,No,No,A1,1Dium,No,A2,A1,18,100,26,1,1,0,28,28,5,NA,NA,10^10,Humoral,Live virus,PRNT 50,NT Ab,GMT/CI,95,61,147,Figure 3C/Table S5,4,4,4,NA,NA,NA,NA,24,92.3,NA,NA,28,28,A,None,5
526,"Wu, S",2021,Lancet ID,Yes,Yes,No,No,Ad5-nCoV,AMMS,Vector,NA,No,No,A2,2Dium,No,A2,A1,18,100,26,2,2,0,14,14,10,10,NA,10^10,Humoral,Live virus,PRNT 50,NT Ab,GMT/CI,83,51,134,Figure 3C/Table S5,4,4,4,NA,NA,NA,NA,24,92.3,NA,NA,14,14,A,None,10
526,"Wu, S",2021,Lancet ID,Yes,Yes,No,No,Ad5-nCoV,AMMS,Vector,NA,No,No,A2,2Dium,No,A2,A1,18,100,26,2,2,0,28,28,10,10,NA,10^10,Humoral,Live virus,PRNT 50,NT Ab,GMT/CI,180,113,288,Figure 3C/Table S5,4,4,4,NA,NA,NA,NA,26,100,NA,NA,28,28,A,None,10
17,"Zhu, F",2020,Lancet,Yes,Yes,No,No,Ad5-nCoV,CanSino,Vector,NA,No,No,A1,Low dose,Yes,A3,A1,18,60,36,1,1,0,14,14,5,NA,NA,10^10,Humoral,Live virus,NA,NT Ab,GMT/CI,8.2,5.8,11.5,Table 3/Appendix,NA,NA,NA,NA,NA,NA,NA,10,28,NA,NA,14,14,A,Standard,5
17,"Zhu, F",2020,Lancet,Yes,Yes,No,No,Ad5-nCoV,CanSino,Vector,NA,No,No,A1,Low dose,Yes,A3,A1,18,60,36,1,1,0,28,28,5,NA,NA,10^10,Humoral,Live virus,NA,NT Ab,GMT/CI,14.5,9.6,21.8,Table 3/Appendix,NA,NA,NA,NA,NA,NA,NA,18,50,NA,NA,28,28,A,Standard,5
17,"Zhu, F",2020,Lancet,Yes,Yes,No,No,Ad5-nCoV,CanSino,Vector,NA,No,No,A2,Middle dose,No,A3,A1,18,60,36,1,1,0,14,14,10,NA,NA,10^10,Humoral,Live virus,NA,NT Ab,GMT/CI,9.6,6.6,14.1,Table 3/Appendix,NA,NA,NA,NA,NA,NA,NA,11,31,NA,NA,14,14,A,Higher,10
17,"Zhu, F",2020,Lancet,Yes,Yes,No,No,Ad5-nCoV,CanSino,Vector,NA,No,No,A2,Middle dose,No,A3,A1,18,60,36,1,1,0,28,28,10,NA,NA,10^10,Humoral,Live virus,NA,NT Ab,GMT/CI,16.2,10.4,25.2,Table 3/Appendix,NA,NA,NA,NA,NA,NA,NA,18,50,NA,NA,28,28,A,Higher,10
17,"Zhu, F",2020,Lancet,Yes,Yes,No,No,Ad5-nCoV,CanSino,Vector,NA,No,No,A3,High dose,No,A3,A1,18,60,36,1,1,0,14,14,15,NA,NA,10^10,Humoral,Live virus,NA,NT Ab,GMT/CI,12.7,8.5,19,Table 3/Appendix,NA,NA,NA,NA,NA,NA,NA,15,42,NA,NA,14,14,A,Higher,15
17,"Zhu, F",2020,Lancet,Yes,Yes,No,No,Ad5-nCoV,CanSino,Vector,NA,No,No,A3,High dose,No,A3,A1,18,60,36,1,1,0,28,28,15,NA,NA,10^10,Humoral,Live virus,NA,NT Ab,GMT/CI,34,22.6,50.1,Table 3/Appendix,NA,NA,NA,NA,NA,NA,NA,27,75,NA,NA,28,28,A,Higher,15
17,"Zhu, F",2020,Lancet,Yes,Yes,No,No,Ad5-nCoV,CanSino,Vector,NA,No,No,A1,Low dose,Yes,A3,A1,18,60,36,1,1,0,14,14,5,NA,NA,10^10,Humoral,Pseudo virus,PsVNA IC50,NT Ab,GMT/CI,18.5,11.1,31.1,Appendix 5,NA,NA,NA,NA,NA,NA,NA,16,44,NA,NA,14,14,A,Standard,5
17,"Zhu, F",2020,Lancet,Yes,Yes,No,No,Ad5-nCoV,CanSino,Vector,NA,No,No,A1,Low dose,Yes,A3,A1,18,60,36,1,1,0,28,28,5,NA,NA,10^10,Humoral,Pseudo virus,PsVNA IC50,NT Ab,GMT/CI,29.8,18.4,48.1,Appendix 5,NA,NA,NA,NA,NA,NA,NA,21,58,NA,NA,28,28,A,Standard,5
17,"Zhu, F",2020,Lancet,Yes,Yes,No,No,Ad5-nCoV,CanSino,Vector,NA,No,No,A2,Middle dose,No,A3,A1,18,60,36,1,1,0,14,14,10,NA,NA,10^10,Humoral,Pseudo virus,PsVNA IC50,NT Ab,GMT/CI,16.4,10.8,24.9,Appendix 5,NA,NA,NA,NA,NA,NA,NA,17,47,NA,NA,14,14,A,Higher,10
17,"Zhu, F",2020,Lancet,Yes,Yes,No,No,Ad5-nCoV,CanSino,Vector,NA,No,No,A2,Middle dose,No,A3,A1,18,60,36,1,1,0,28,28,10,NA,NA,10^10,Humoral,Pseudo virus,PsVNA IC50,NT Ab,GMT/CI,27.3,16.9,44.3,Appendix 5,NA,NA,NA,NA,NA,NA,NA,19,53,NA,NA,28,28,A,Higher,10
17,"Zhu, F",2020,Lancet,Yes,Yes,No,No,Ad5-nCoV,CanSino,Vector,NA,No,No,A3,High dose,No,A3,A1,18,60,36,1,1,0,14,14,15,NA,NA,10^10,Humoral,Pseudo virus,PsVNA IC50,NT Ab,GMT/CI,29.2,18.9,45.3,Appendix 5,NA,NA,NA,NA,NA,NA,NA,21,58,NA,NA,14,14,A,Higher,15
17,"Zhu, F",2020,Lancet,Yes,Yes,No,No,Ad5-nCoV,CanSino,Vector,NA,No,No,A3,High dose,No,A3,A1,18,60,36,1,1,0,28,28,15,NA,NA,10^10,Humoral,Pseudo virus,PsVNA IC50,NT Ab,GMT/CI,45.6,28.4,73,Appendix 5,NA,NA,NA,NA,NA,NA,NA,25,69,NA,NA,28,28,A,Higher,15
3,"Zhu, F",2020,Lancet,Yes,No,Yes,No,Ad5-nCoV,CanSino,Vector,NA,No,No,A1,High dose,No,A1,A2,18,100,253,1,1,0,28,28,10,NA,NA,10^10,Humoral,Live virus,NA,NT Ab,GMT/CI,19.5,16.8,22.7,Appendix 1,4.1,3.9,4.3,NA,NA,NA,NA,148,58.4,NA,NA,28,28,A,Higher,10
3,"Zhu, F",2020,Lancet,Yes,No,Yes,No,Ad5-nCoV,CanSino,Vector,NA,No,No,A2,Low dose,Yes,A1,A2,18,100,129,1,1,0,28,28,5,NA,NA,10^10,Humoral,Live virus,NA,NT Ab,GMT/CI,18.3,14.4,23.3,Appendix 1,4.1,3.9,4.3,NA,NA,NA,NA,61,0.473,NA,NA,28,28,A,Standard,5
3,"Zhu, F",2020,Lancet,Yes,No,Yes,No,Ad5-nCoV,CanSino,Vector,NA,No,No,A1,High dose,No,A1,A2,18,100,253,1,1,0,28,28,10,NA,NA,10^10,Humoral,Pseudo virus,PsVNA IC50,NT Ab,GMT/CI,61.4,53,71,Appendix 1,5.1,4.9,5.4,NA,NA,NA,NA,214,84.6,NA,NA,28,28,A,Higher,10
3,"Zhu, F",2020,Lancet,Yes,No,Yes,No,Ad5-nCoV,CanSino,Vector,NA,No,No,A2,Low dose,Yes,A1,A2,18,100,129,1,1,0,28,28,5,NA,NA,10^10,Humoral,Pseudo virus,PsVNA IC50,NT Ab,GMT/CI,55.3,45.3,67.5,Appendix 1,5.1,4.9,5.4,NA,NA,NA,NA,107,82.9,NA,NA,28,28,A,Standard,5
312,"Pan, H",2021,Chinese Medical Journal,Yes,Yes,No,No,KCONVAC,Minhai BioTech,Inactivated,NA,Yes,No,A1,"Low dose, phase 1",No,A2,A1,18,59,23,2,2,14,28,28,5,5,NA,ug,Humoral,Live virus,NA,NT Ab,GMT/CI,30.9,20.6,46.4,Table 3,2,2,2,49.7,33.3,74.3,35,23,100,NA,NA,14,14,A,None,5
312,"Pan, H",2021,Chinese Medical Journal,Yes,Yes,No,No,KCONVAC,Minhai BioTech,Inactivated,NA,Yes,No,A1,"Low dose, phase 1",No,A2,A1,18,59,23,2,2,14,28,28,5,5,NA,ug,Humoral,Pseudo virus,PsVNA IC50,NT Ab,GMT/CI,90.4,67.3,121.5,Table 3,7.8,5.5,11.1,NA,NA,NA,NA,22,95.7,NA,NA,14,14,A,None,5
312,"Pan, H",2021,Chinese Medical Journal,Yes,No,Yes,No,KCONVAC,Minhai BioTech,Inactivated,NA,Yes,No,A3,"Low dose, 14 days, phase 2",No,A2,A1,18,59,100,2,2,14,28,28,5,5,NA,ug,Humoral,Live virus,NA,NT Ab,GMT/CI,41.5,32.8,52.5,Table 3,2,2,2,49.7,33.3,74.3,35,96,96,NA,NA,14,14,B,None,5
312,"Pan, H",2021,Chinese Medical Journal,Yes,No,Yes,No,KCONVAC,Minhai BioTech,Inactivated,NA,Yes,No,A3,"Low dose, 14 days, phase 2",No,A2,A1,18,59,100,2,2,14,28,28,5,5,NA,ug,Humoral,Pseudo virus,PsVNA IC50,NT Ab,GMT/CI,94.4,78,114.3,Table 3,7.8,5.5,11.1,NA,NA,NA,NA,87,87,NA,NA,14,14,B,None,5
312,"Pan, H",2021,Chinese Medical Journal,Yes,No,Yes,No,KCONVAC,Minhai BioTech,Inactivated,NA,Yes,No,B1,"Low dose, 28 days, phase 2",Yes,B2,B1,18,59,100,2,2,28,42,42,5,5,NA,ug,Humoral,Live virus,NA,NT Ab,GMT/CI,110.5,92.4,132.2,Table 3,2,2,2,49.7,33.3,74.3,35,98,98,NA,NA,14,14,C,Standard,5
312,"Pan, H",2021,Chinese Medical Journal,Yes,No,Yes,No,KCONVAC,Minhai BioTech,Inactivated,NA,Yes,No,B1,"Low dose, 28 days, phase 2",Yes,B2,B1,18,59,100,2,2,28,42,42,5,5,NA,ug,Humoral,Pseudo virus,PsVNA IC50,NT Ab,GMT/CI,276.6,236.2,323.9,Table 3,7.8,5.5,11.1,NA,NA,NA,NA,99,99,NA,NA,14,14,C,Standard,5
312,"Pan, H",2021,Chinese Medical Journal,Yes,Yes,No,No,KCONVAC,Minhai BioTech,Inactivated,NA,Yes,No,A2,"High dose, phase 1",No,A2,A1,18,59,24,2,2,14,28,28,10,10,NA,ug,Humoral,Live virus,NA,NT Ab,GMT/CI,40.6,23,71.8,Table 3,2,2,2,49.7,33.3,74.3,35,23,95.8,NA,NA,14,14,A,None,10
312,"Pan, H",2021,Chinese Medical Journal,Yes,Yes,No,No,KCONVAC,Minhai BioTech,Inactivated,NA,Yes,No,A2,"High dose, phase 1",No,A2,A1,18,59,24,2,2,14,28,28,10,10,NA,ug,Humoral,Pseudo virus,PsVNA IC50,NT Ab,GMT/CI,116.7,71.1,191.6,Table 3,7.8,5.5,11.1,NA,NA,NA,NA,21,87.5,NA,NA,14,14,A,None,10
312,"Pan, H",2021,Chinese Medical Journal,Yes,No,Yes,No,KCONVAC,Minhai BioTech,Inactivated,NA,Yes,No,A4,"High dose, 14 days, phase 2",No,A2,A1,18,59,98,2,2,14,28,28,10,10,NA,ug,Humoral,Live virus,NA,NT Ab,GMT/CI,48.3,37.5,62.1,Table 3,2,2,2,49.7,33.3,74.3,35,95,96.9,NA,NA,14,14,B,None,10
312,"Pan, H",2021,Chinese Medical Journal,Yes,No,Yes,No,KCONVAC,Minhai BioTech,Inactivated,NA,Yes,No,A4,"High dose, 14 days, phase 2",No,A2,A1,18,59,98,2,2,14,28,28,10,10,NA,ug,Humoral,Pseudo virus,PsVNA IC50,NT Ab,GMT/CI,118.7,96.4,146.2,Table 3,7.8,5.5,11.1,NA,NA,NA,NA,90,91.8,NA,NA,14,14,B,None,10
312,"Pan, H",2021,Chinese Medical Journal,Yes,No,Yes,No,KCONVAC,Minhai BioTech,Inactivated,NA,Yes,No,B2,"High dose, 28 days, phase 2",No,B2,B1,18,59,99,2,2,28,42,42,10,10,NA,ug,Humoral,Live virus,NA,NT Ab,GMT/CI,100.2,84.6,118.7,Table 3,2,2,2,49.7,33.3,74.3,35,99,100,NA,NA,14,14,C,Higher,10
312,"Pan, H",2021,Chinese Medical Journal,Yes,No,Yes,No,KCONVAC,Minhai BioTech,Inactivated,NA,Yes,No,B2,"High dose, 28 days, phase 2",No,B2,B1,18,59,99,2,2,28,42,42,10,10,NA,ug,Humoral,Pseudo virus,PsVNA IC50,NT Ab,GMT/CI,240.1,204.3,282.2,Table 3,7.8,5.5,11.1,NA,NA,NA,NA,98,99,NA,NA,14,14,C,Higher,10
312,"Pan, H",2021,Chinese Medical Journal,Yes,Yes,No,No,KCONVAC,Minhai BioTech,Inactivated,NA,Yes,No,A1,"Low dose, phase 1",No,A2,A1,18,59,23,2,2,14,42,42,5,5,NA,ug,Humoral,Live virus,NA,NT Ab,GMT/CI,29.3,19.6,43.8,Table 3,2,2,2,49.7,33.3,74.3,35,23,100,NA,NA,28,28,A,None,5
312,"Pan, H",2021,Chinese Medical Journal,Yes,Yes,No,No,KCONVAC,Minhai BioTech,Inactivated,NA,Yes,No,A1,"Low dose, phase 1",No,A2,A1,18,59,23,2,2,14,42,42,5,5,NA,ug,Humoral,Pseudo virus,PsVNA IC50,NT Ab,GMT/CI,69.4,53.8,89.6,Table 3,7.8,5.5,11.1,NA,NA,NA,NA,22,95.7,NA,NA,28,28,A,None,5
312,"Pan, H",2021,Chinese Medical Journal,Yes,No,Yes,No,KCONVAC,Minhai BioTech,Inactivated,NA,Yes,No,A3,"Low dose, 14 days, phase 2",No,A2,A1,18,59,100,2,2,14,42,42,5,5,NA,ug,Humoral,Live virus,NA,NT Ab,GMT/CI,37.2,29.5,46.9,Table 3,2,2,2,49.7,33.3,74.3,35,98,98,NA,NA,28,28,B,None,5
312,"Pan, H",2021,Chinese Medical Journal,Yes,No,Yes,No,KCONVAC,Minhai BioTech,Inactivated,NA,Yes,No,A3,"Low dose, 14 days, phase 2",No,A2,A1,18,59,100,2,2,14,42,42,5,5,NA,ug,Humoral,Pseudo virus,PsVNA IC50,NT Ab,GMT/CI,74.4,62.6,88.5,Table 3,7.8,5.5,11.1,NA,NA,NA,NA,83,83,NA,NA,28,28,B,None,5
312,"Pan, H",2021,Chinese Medical Journal,Yes,No,Yes,No,KCONVAC,Minhai BioTech,Inactivated,NA,Yes,No,B1,"Low dose, 28 days, phase 2",Yes,B2,B1,18,59,98,2,2,28,56,56,5,5,NA,ug,Humoral,Live virus,NA,NT Ab,GMT/CI,131.7,109.3,158.6,Table 3,2,2,2,49.7,33.3,74.3,35,97,99,NA,NA,28,28,C,Standard,5
312,"Pan, H",2021,Chinese Medical Journal,Yes,No,Yes,No,KCONVAC,Minhai BioTech,Inactivated,NA,Yes,No,B1,"Low dose, 28 days, phase 2",Yes,B2,B1,18,59,98,2,2,28,56,56,5,5,NA,ug,Humoral,Pseudo virus,PsVNA IC50,NT Ab,GMT/CI,167.4,142.6,196.5,Table 3,7.8,5.5,11.1,NA,NA,NA,NA,95,96.9,NA,NA,28,28,C,Standard,5
312,"Pan, H",2021,Chinese Medical Journal,Yes,Yes,No,No,KCONVAC,Minhai BioTech,Inactivated,NA,Yes,No,A2,"High dose, phase 1",No,A2,A1,18,59,24,2,2,14,42,42,10,10,NA,ug,Humoral,Live virus,NA,NT Ab,GMT/CI,49.1,33.5,72,Table 3,2,2,2,49.7,33.3,74.3,35,24,100,NA,NA,28,28,A,None,10
312,"Pan, H",2021,Chinese Medical Journal,Yes,Yes,No,No,KCONVAC,Minhai BioTech,Inactivated,NA,Yes,No,A2,"High dose, phase 1",No,A2,A1,18,59,24,2,2,14,42,42,10,10,NA,ug,Humoral,Pseudo virus,PsVNA IC50,NT Ab,GMT/CI,99.8,61.7,161.4,Table 3,7.8,5.5,11.1,NA,NA,NA,NA,21,87.5,NA,NA,28,28,A,None,10
312,"Pan, H",2021,Chinese Medical Journal,Yes,No,Yes,No,KCONVAC,Minhai BioTech,Inactivated,NA,Yes,No,A4,"High dose, 14 days, phase 2",No,A2,A1,18,59,97,2,2,14,42,42,10,10,NA,ug,Humoral,Live virus,NA,NT Ab,GMT/CI,44.5,35.5,55.7,Table 3,2,2,2,49.7,33.3,74.3,35,96,99,NA,NA,28,28,B,None,10
312,"Pan, H",2021,Chinese Medical Journal,Yes,No,Yes,No,KCONVAC,Minhai BioTech,Inactivated,NA,Yes,No,A4,"High dose, 14 days, phase 2",No,A2,A1,18,59,97,2,2,14,42,42,10,10,NA,ug,Humoral,Pseudo virus,PsVNA IC50,NT Ab,GMT/CI,97.6,79.7,119.4,Table 3,7.8,5.5,11.1,NA,NA,NA,NA,88,90.7,NA,NA,28,28,B,None,10
312,"Pan, H",2021,Chinese Medical Journal,Yes,No,Yes,No,KCONVAC,Minhai BioTech,Inactivated,NA,Yes,No,B2,"High dose, 28 days, phase 2",No,B2,B1,18,59,99,2,2,28,56,56,10,10,NA,ug,Humoral,Live virus,NA,NT Ab,GMT/CI,110.7,94.7,129.4,Table 3,2,2,2,49.7,33.3,74.3,35,99,100,NA,NA,28,28,C,Higher,10
312,"Pan, H",2021,Chinese Medical Journal,Yes,No,Yes,No,KCONVAC,Minhai BioTech,Inactivated,NA,Yes,No,B2,"High dose, 28 days, phase 2",No,B2,B1,18,59,99,2,2,28,56,56,10,10,NA,ug,Humoral,Pseudo virus,PsVNA IC50,NT Ab,GMT/CI,153.6,131.2,179.8,Table 3,7.8,5.5,11.1,NA,NA,NA,NA,96,97,NA,NA,28,28,C,Higher,10
288,"Zhang, J",2021,Emerging Microbes & Infections,Yes,Yes,No,No,V-01,Livzon Mabpharm,Recombinant,NA,No,No,A1,"10ug, adult",Yes,A3,A1,18,59,24,2,2,21,28,28,10,10,NA,ug,Humoral,Live virus,MNT 50,NT Ab,GMT/CI,35,23.1,52.8,Figure 2A,5,5,5,NA,NA,NA,NA,24,100,NA,NA,7,7,A,Standard,10
288,"Zhang, J",2021,Emerging Microbes & Infections,Yes,Yes,No,No,V-01,Livzon Mabpharm,Recombinant,NA,No,No,A1,"10ug, adult",Yes,A3,A1,18,59,24,2,2,21,35,35,10,10,NA,ug,Humoral,Live virus,MNT 50,NT Ab,GMT/CI,116,88.9,151.7,Figure 2A,5,5,5,NA,NA,NA,NA,24,100,NA,NA,14,14,A,Standard,10
288,"Zhang, J",2021,Emerging Microbes & Infections,Yes,Yes,No,No,V-01,Livzon Mabpharm,Recombinant,NA,No,No,A1,"10ug, adult",Yes,A3,A1,18,59,24,2,2,21,49,49,10,10,NA,ug,Humoral,Live virus,MNT 50,NT Ab,GMT/CI,112,82.3,153,Figure 2A,5,5,5,NA,NA,NA,NA,24,100,NA,NA,28,28,A,Standard,10
288,"Zhang, J",2021,Emerging Microbes & Infections,Yes,Yes,No,No,V-01,Livzon Mabpharm,Recombinant,NA,No,No,A2,"25ug, adult",No,A3,A1,18,59,24,2,2,21,28,28,25,25,NA,ug,Humoral,Live virus,MNT 50,NT Ab,GMT/CI,29,16.6,49.2,Figure 2A,5,5,5,NA,NA,NA,NA,18,78.26,NA,NA,7,7,A,Higher,25
288,"Zhang, J",2021,Emerging Microbes & Infections,Yes,Yes,No,No,V-01,Livzon Mabpharm,Recombinant,NA,No,No,A2,"25ug, adult",No,A3,A1,18,59,24,2,2,21,35,35,25,25,NA,ug,Humoral,Live virus,MNT 50,NT Ab,GMT/CI,64,38.9,105.1,Figure 2A,5,5,5,NA,NA,NA,NA,21,91.3,NA,NA,14,14,A,Higher,25
288,"Zhang, J",2021,Emerging Microbes & Infections,Yes,Yes,No,No,V-01,Livzon Mabpharm,Recombinant,NA,No,No,A2,"25ug, adult",No,A3,A1,18,59,24,2,2,21,49,49,25,25,NA,ug,Humoral,Live virus,MNT 50,NT Ab,GMT/CI,72,43.6,117.5,Figure 2A,5,5,5,NA,NA,NA,NA,22,95.65,NA,NA,28,28,A,Higher,25
288,"Zhang, J",2021,Emerging Microbes & Infections,Yes,Yes,No,No,V-01,Livzon Mabpharm,Recombinant,NA,No,No,A3,"50ug, adult",No,A3,A1,18,59,24,2,2,21,28,28,50,50,NA,ug,Humoral,Live virus,MNT 50,NT Ab,GMT/CI,118,66.5,207.9,Figure 2A,5,5,5,NA,NA,NA,NA,23,95.83,NA,NA,7,7,A,Higher,50
288,"Zhang, J",2021,Emerging Microbes & Infections,Yes,Yes,No,No,V-01,Livzon Mabpharm,Recombinant,NA,No,No,A3,"50ug, adult",No,A3,A1,18,59,24,2,2,21,35,35,50,50,NA,ug,Humoral,Live virus,MNT 50,NT Ab,GMT/CI,194,126.7,297.7,Figure 2A,5,5,5,NA,NA,NA,NA,24,100,NA,NA,14,14,A,Higher,50
288,"Zhang, J",2021,Emerging Microbes & Infections,Yes,Yes,No,No,V-01,Livzon Mabpharm,Recombinant,NA,No,No,A3,"50ug, adult",No,A3,A1,18,59,24,2,2,21,49,49,50,50,NA,ug,Humoral,Live virus,MNT 50,NT Ab,GMT/CI,154,99.5,239.1,Figure 2A,5,5,5,NA,NA,NA,NA,24,100,NA,NA,28,28,A,Higher,50
288,"Zhang, J",2021,Emerging Microbes & Infections,Yes,Yes,No,No,V-01,Livzon Mabpharm,Recombinant,NA,No,No,A4,"10ug, elderly",Yes,A3,A1,60,100,24,2,2,21,28,28,10,10,NA,ug,Humoral,Live virus,MNT 50,NT Ab,GMT/CI,28,15.4,50,Figure 2A,5,5,5,NA,NA,NA,NA,16,80,NA,NA,7,7,B,Standard,10
288,"Zhang, J",2021,Emerging Microbes & Infections,Yes,Yes,No,No,V-01,Livzon Mabpharm,Recombinant,NA,No,No,A4,"10ug, elderly",Yes,A3,A1,60,100,24,2,2,21,35,35,10,10,NA,ug,Humoral,Live virus,MNT 50,NT Ab,GMT/CI,113,65.9,195.3,Figure 2A,5,5,5,NA,NA,NA,NA,19,95,NA,NA,14,14,B,Standard,10
288,"Zhang, J",2021,Emerging Microbes & Infections,Yes,Yes,No,No,V-01,Livzon Mabpharm,Recombinant,NA,No,No,A4,"10ug, elderly",Yes,A3,A1,60,100,24,2,2,21,49,49,10,10,NA,ug,Humoral,Live virus,MNT 50,NT Ab,GMT/CI,127,73.6,2188,Figure 2A,5,5,5,NA,NA,NA,NA,19,95,NA,NA,28,28,B,Standard,10
288,"Zhang, J",2021,Emerging Microbes & Infections,Yes,Yes,No,No,V-01,Livzon Mabpharm,Recombinant,NA,No,No,A5,"25ug, elderly",No,A3,A1,60,100,24,2,2,21,28,28,25,25,NA,ug,Humoral,Live virus,MNT 50,NT Ab,GMT/CI,24,13.8,41.5,Figure 2A,5,5,5,NA,NA,NA,NA,18,75,NA,NA,7,7,B,Higher,25
288,"Zhang, J",2021,Emerging Microbes & Infections,Yes,Yes,No,No,V-01,Livzon Mabpharm,Recombinant,NA,No,No,A5,"25ug, elderly",No,A3,A1,60,100,24,2,2,21,35,35,25,25,NA,ug,Humoral,Live virus,MNT 50,NT Ab,GMT/CI,65,38.1,111.4,Figure 2A,5,5,5,NA,NA,NA,NA,22,91.67,NA,NA,14,14,B,Higher,25
288,"Zhang, J",2021,Emerging Microbes & Infections,Yes,Yes,No,No,V-01,Livzon Mabpharm,Recombinant,NA,No,No,A5,"25ug, elderly",No,A3,A1,60,100,24,2,2,21,49,49,25,25,NA,ug,Humoral,Live virus,MNT 50,NT Ab,GMT/CI,90,53.1,151.6,Figure 2A,5,5,5,NA,NA,NA,NA,23,95.83,NA,NA,28,28,B,Higher,25
288,"Zhang, J",2021,Emerging Microbes & Infections,Yes,Yes,No,No,V-01,Livzon Mabpharm,Recombinant,NA,No,No,A6,"50ug, elderly",No,A3,A1,60,100,24,2,2,21,28,28,50,50,NA,ug,Humoral,Live virus,MNT 50,NT Ab,GMT/CI,31,18.4,53.2,Figure 2A,5,5,5,NA,NA,NA,NA,18,75,NA,NA,7,7,B,Higher,50
288,"Zhang, J",2021,Emerging Microbes & Infections,Yes,Yes,No,No,V-01,Livzon Mabpharm,Recombinant,NA,No,No,A6,"50ug, elderly",No,A3,A1,60,100,24,2,2,21,35,35,50,50,NA,ug,Humoral,Live virus,MNT 50,NT Ab,GMT/CI,64,41.3,98.6,Figure 2A,5,5,5,NA,NA,NA,NA,23,95.83,NA,NA,14,14,B,Higher,50
288,"Zhang, J",2021,Emerging Microbes & Infections,Yes,Yes,No,No,V-01,Livzon Mabpharm,Recombinant,NA,No,No,A6,"50ug, elderly",No,A3,A1,60,100,24,2,2,21,49,49,50,50,NA,ug,Humoral,Live virus,MNT 50,NT Ab,GMT/CI,88,57.2,134.6,Figure 2A,5,5,5,NA,NA,NA,NA,23,95.83,NA,NA,28,28,B,Higher,50
385,"Shu, Y",2021,Chinese Medical Journal,Yes,No,Yes,No,V-01,Livzon Mabpharm,Recombinant,NA,No,Yes,A1,"10ug, 2 doses, adult",Yes,A2,A1,18,59,119,2,2,21,28,28,10,10,NA,ug,Humoral,Live virus,MNT 50,NT Ab,GMT/CI,68,55.3,83.4,Table S4,5,5,5,53.6,31.3,91.7,38,113,94.96,NA,NA,7,7,A,Standard,10
385,"Shu, Y",2021,Chinese Medical Journal,Yes,No,Yes,No,V-01,Livzon Mabpharm,Recombinant,NA,No,Yes,A1,"10ug, 2 doses, adult",Yes,A2,A1,18,59,119,2,2,21,35,35,10,10,NA,ug,Humoral,Live virus,MNT 50,NT Ab,GMT/CI,161.9,133.3,196.7,Table S4,5,5,5,53.6,31.3,91.7,38,117,98.32,NA,NA,14,14,A,Standard,10
385,"Shu, Y",2021,Chinese Medical Journal,Yes,No,Yes,No,V-01,Livzon Mabpharm,Recombinant,NA,No,Yes,A1,"10ug, 2 doses, adult",Yes,A2,A1,18,59,119,2,2,21,49,49,10,10,NA,ug,Humoral,Live virus,MNT 50,NT Ab,GMT/CI,117,97,141.2,Table S4,5,5,5,53.6,31.3,91.7,38,117,98.32,NA,NA,28,28,A,Standard,10
385,"Shu, Y",2021,Chinese Medical Journal,Yes,No,Yes,No,V-01,Livzon Mabpharm,Recombinant,NA,No,Yes,A2,"25ug, 2 doses, adult",No,A2,A1,18,59,120,2,2,21,28,28,25,25,NA,ug,Humoral,Live virus,MNT 50,NT Ab,GMT/CI,77.1,62.1,95.7,Table S4,5,5,5,53.6,31.3,91.7,38,115,95.83,NA,NA,7,7,A,Higher,25
385,"Shu, Y",2021,Chinese Medical Journal,Yes,No,Yes,No,V-01,Livzon Mabpharm,Recombinant,NA,No,Yes,A2,"25ug, 2 doses, adult",No,A2,A1,18,59,120,2,2,21,35,35,25,25,NA,ug,Humoral,Live virus,MNT 50,NT Ab,GMT/CI,149.3,123.9,179.9,Table S4,5,5,5,53.6,31.3,91.7,38,119,99.17,NA,NA,14,14,A,Higher,25
385,"Shu, Y",2021,Chinese Medical Journal,Yes,No,Yes,No,V-01,Livzon Mabpharm,Recombinant,NA,No,Yes,A2,"25ug, 2 doses, adult",No,A2,A1,18,59,119,2,2,21,49,49,25,25,NA,ug,Humoral,Live virus,MNT 50,NT Ab,GMT/CI,121.7,102.9,143.8,Table S4,5,5,5,53.6,31.3,91.7,38,118,99.16,NA,NA,28,28,A,Higher,25
385,"Shu, Y",2021,Chinese Medical Journal,Yes,No,Yes,No,V-01,Livzon Mabpharm,Recombinant,NA,No,Yes,A3,"10ug, 2 doses, elderly",Yes,A2,A1,60,100,119,2,2,21,35,35,10,10,NA,ug,Humoral,Live virus,MNT 50,NT Ab,GMT/CI,111.6,89.6,139.1,Table S5,5,5,5,53.6,31.3,91.7,38,92,78.63,NA,NA,14,14,B,Standard,10
385,"Shu, Y",2021,Chinese Medical Journal,Yes,No,Yes,No,V-01,Livzon Mabpharm,Recombinant,NA,No,Yes,A3,"10ug, 2 doses, elderly",Yes,A2,A1,60,100,119,2,2,21,49,49,10,10,NA,ug,Humoral,Live virus,MNT 50,NT Ab,GMT/CI,99.2,82.2,119.8,Table S5,5,5,5,53.6,31.3,91.7,38,113,96.58,NA,NA,28,28,B,Standard,10
385,"Shu, Y",2021,Chinese Medical Journal,Yes,No,Yes,No,V-01,Livzon Mabpharm,Recombinant,NA,No,Yes,A4,"25ug, 2 doses, elderly",No,A2,A1,60,100,120,2,2,21,35,35,25,25,NA,ug,Humoral,Live virus,MNT 50,NT Ab,GMT/CI,111.1,89.2,138.4,Table S5,5,5,5,53.6,31.3,91.7,38,102,85.34,NA,NA,14,14,B,Higher,25
385,"Shu, Y",2021,Chinese Medical Journal,Yes,No,Yes,No,V-01,Livzon Mabpharm,Recombinant,NA,No,Yes,A4,"25ug, 2 doses, elderly",No,A2,A1,60,100,119,2,2,21,49,49,25,25,NA,ug,Humoral,Live virus,MNT 50,NT Ab,GMT/CI,118.1,96.3,144.8,Table S5,5,5,5,53.6,31.3,91.7,38,113,94.83,NA,NA,28,28,B,Higher,25
779,"Momin, T",2021,EClinicalMedicine,Yes,Yes,No,No,ZyCoV-D,Zydus Cadila,DNA,NA,No,No,A1,"1mg, needle",NA,A2,A1,18,55,11,2,1,28,56,56,1,1,1,mg,Humoral,Live virus,PRNT 50,NT Ab,GMT/CI,6.48,3.64,11.52,Table 4,5,5,5,49.5,36.7,67.3,73,0,0,NA,NA,28,28,A,None,1
779,"Momin, T",2021,EClinicalMedicine,Yes,Yes,No,No,ZyCoV-D,Zydus Cadila,DNA,NA,No,No,A1,"1mg, needle",NA,A2,A1,18,55,11,2,2,28,84,84,1,1,1,mg,Humoral,Live virus,PRNT 50,NT Ab,GMT/CI,8.52,4.4,16.49,Table 4,5,5,5,49.5,36.7,67.3,73,2,18.18,NA,NA,56,56,A,None,1
779,"Momin, T",2021,EClinicalMedicine,Yes,Yes,No,No,ZyCoV-D,Zydus Cadila,DNA,NA,No,No,B1,"1mg, needle free",NA,B2,B1,18,55,12,2,1,28,56,56,1,1,1,mg,Humoral,Live virus,PRNT 50,NT Ab,GMT/CI,12.99,5.6,30.16,Table 4,5,5,5,49.5,36.7,67.3,73,2,16.67,NA,NA,28,28,B,None,1
779,"Momin, T",2021,EClinicalMedicine,Yes,Yes,No,No,ZyCoV-D,Zydus Cadila,DNA,NA,No,No,B1,"1mg, needle free",NA,B2,B1,18,55,12,2,2,28,84,84,1,1,1,mg,Humoral,Live virus,PRNT 50,NT Ab,GMT/CI,11.97,5.72,25.06,Table 4,5,5,5,49.5,36.7,67.3,73,2,16.67,NA,NA,56,56,B,None,1
779,"Momin, T",2021,EClinicalMedicine,Yes,Yes,No,No,ZyCoV-D,Zydus Cadila,DNA,NA,No,No,A2,"2mg, needle",NA,A2,A1,18,55,10,2,1,28,56,56,2,2,2,mg,Humoral,Live virus,PRNT 50,NT Ab,GMT/CI,8.72,3.08,24.72,Table 4,5,5,5,49.5,36.7,67.3,73,2,20,NA,NA,28,28,A,None,2
779,"Momin, T",2021,EClinicalMedicine,Yes,Yes,No,No,ZyCoV-D,Zydus Cadila,DNA,NA,No,No,A2,"2mg, needle",NA,A2,A1,18,55,10,2,2,28,84,84,2,2,2,mg,Humoral,Live virus,PRNT 50,NT Ab,GMT/CI,14.13,5.57,35.82,Table 4,5,5,5,49.5,36.7,67.3,73,5,50,NA,NA,56,56,A,None,2
779,"Momin, T",2021,EClinicalMedicine,Yes,Yes,No,No,ZyCoV-D,Zydus Cadila,DNA,NA,No,No,B2,"2mg, needle free",NA,B2,B1,18,55,10,2,1,28,56,56,2,2,2,mg,Humoral,Live virus,PRNT 50,NT Ab,GMT/CI,6.34,3.7,10.87,Table 4,5,5,5,49.5,36.7,67.3,73,1,10,NA,NA,28,28,B,None,2
779,"Momin, T",2021,EClinicalMedicine,Yes,Yes,No,No,ZyCoV-D,Zydus Cadila,DNA,NA,No,No,B2,"2mg, needle free",NA,B2,B1,18,55,10,2,2,28,84,84,2,2,2,mg,Humoral,Live virus,PRNT 50,NT Ab,GMT/CI,39.17,15.43,99.47,Table 4,5,5,5,49.5,36.7,67.3,73,8,80,NA,NA,56,56,B,None,2
837,Tebas,2021,EClinicalMedicine,Yes,Yes,No,No,INO-4880,Inovio,DNA,NA,No,No,A1,1mg dose group,Yes,A2,A1,18,50,18,2,2,28,42,42,1,1,NA,mg,Humoral,Live virus,PRNT 50,NT Ab,GMT/CI,44.4,14.6,134.8,Table 3,1,1,1,NA,NA,NA,NA,14,78,NA,NA,14,14,A,Standard,1
837,Tebas,2021,EClinicalMedicine,Yes,Yes,No,No,INO-4880,Inovio,DNA,NA,No,No,A2,2mg dose group,No,A2,A1,18,50,19,2,2,28,42,42,2,2,NA,mg,Humoral,Live virus,PRNT 50,NT Ab,GMT/CI,34.9,15.8,77.2,Table 3,1,1,1,NA,NA,NA,NA,16,84,NA,NA,14,14,A,Higher,2
19,"Jackson, L",2020,NEJM,Yes,Yes,No,No,mRNA-1273,Moderna,mRNA,NA,No,No,A1,25ug,No,A3,A1,18,55,15,2,2,28,35,35,25,25,NA,ug,Humoral,Pseudo virus,PsVNA ID50,NT Ab,GMT/CI,105.8,69.8,160.4,Table 2,10,10,10,109.2,59.6,199.9,41,NA,NA,NA,NA,7,7,A,Lower,25
19,"Jackson, L",2020,NEJM,Yes,Yes,No,No,mRNA-1273,Moderna,mRNA,NA,No,No,A1,25ug,No,A3,A1,18,55,15,2,2,28,42,42,25,25,NA,ug,Humoral,Pseudo virus,PsVNA ID50,NT Ab,GMT/CI,112.3,71.2,177.1,Table 2,10,10,10,109.2,59.6,199.9,41,NA,NA,NA,NA,14,14,A,Lower,25
19,"Jackson, L",2020,NEJM,Yes,Yes,No,No,mRNA-1273,Moderna,mRNA,NA,No,No,A1,25ug,No,A3,A1,18,55,15,2,2,28,56,56,25,25,NA,ug,Humoral,Pseudo virus,PsVNA ID50,NT Ab,GMT/CI,80.7,51,127.6,Table 2,10,10,10,109.2,59.6,199.9,41,NA,NA,NA,NA,28,28,A,Lower,25
19,"Jackson, L",2020,NEJM,Yes,Yes,No,No,mRNA-1273,Moderna,mRNA,NA,No,No,A2,100ug,Yes,A3,A1,18,55,15,2,2,28,35,35,100,100,NA,ug,Humoral,Pseudo virus,PsVNA ID50,NT Ab,GMT/CI,256.3,182,361.1,Table 2,10,10,10,109.2,59.6,199.9,41,NA,NA,NA,NA,7,7,A,Standard,100
19,"Jackson, L",2020,NEJM,Yes,Yes,No,No,mRNA-1273,Moderna,mRNA,NA,No,No,A2,100ug,Yes,A3,A1,18,55,15,2,2,28,42,42,100,100,NA,ug,Humoral,Pseudo virus,PsVNA ID50,NT Ab,GMT/CI,343.8,261.2,452.7,Table 2,10,10,10,109.2,59.6,199.9,41,NA,NA,NA,NA,14,14,A,Standard,100
19,"Jackson, L",2020,NEJM,Yes,Yes,No,No,mRNA-1273,Moderna,mRNA,NA,No,No,A2,100ug,Yes,A3,A1,18,55,15,2,2,28,56,56,100,100,NA,ug,Humoral,Pseudo virus,PsVNA ID50,NT Ab,GMT/CI,231.8,163.2,329.3,Table 2,10,10,10,109.2,59.6,199.9,41,NA,NA,NA,NA,28,28,A,Standard,100
19,"Jackson, L",2020,NEJM,Yes,Yes,No,No,mRNA-1273,Moderna,mRNA,NA,No,No,A3,250ug,No,A3,A1,18,55,15,2,2,28,35,35,250,250,NA,ug,Humoral,Pseudo virus,PsVNA ID50,NT Ab,GMT/CI,373.5,308.6,452.2,Table 2,10,10,10,109.2,59.6,199.9,41,NA,NA,NA,NA,7,7,A,Higher,250
19,"Jackson, L",2020,NEJM,Yes,Yes,No,No,mRNA-1273,Moderna,mRNA,NA,No,No,A3,250ug,No,A3,A1,18,55,15,2,2,28,42,42,250,250,NA,ug,Humoral,Pseudo virus,PsVNA ID50,NT Ab,GMT/CI,332.2,266.3,414.5,Table 2,10,10,10,109.2,59.6,199.9,41,NA,NA,NA,NA,14,14,A,Higher,250
19,"Jackson, L",2020,NEJM,Yes,Yes,No,No,mRNA-1273,Moderna,mRNA,NA,No,No,A3,250ug,No,A3,A1,18,55,15,2,2,28,56,56,250,250,NA,ug,Humoral,Pseudo virus,PsVNA ID50,NT Ab,GMT/CI,270.2,221,330.3,Table 2,10,10,10,109.2,59.6,199.9,41,NA,NA,NA,NA,28,28,A,Higher,250
1582,"Formica, N",2021,PLoS Med,Yes,No,Yes,No,NVX-CoV2373,Novavax,Recombinant,NA,No,Yes,A1,"Group B, young",Yes,A3,A1,18,59,23,2,2,21,35,35,5,5,NA,ug,Humoral,Live virus,MNT 50,NT Ab,GMT/CI,2200.8,1342.6,3607.5,Table 3,10,10,10,453,89.5,2287.6,26,23,100,NA,NA,14,14,A,Standard,5
1582,"Formica, N",2021,PLoS Med,Yes,No,Yes,No,NVX-CoV2373,Novavax,Recombinant,NA,No,Yes,A2,"Group C, young",No,A3,A1,18,59,12,1,1,0,21,21,5,NA,NA,ug,Humoral,Live virus,MNT 50,NT Ab,GMT/CI,44.9,26.5,75.9,Table 3,10,10,10,453,89.5,2287.6,26,8,66.7,NA,NA,21,21,B,None,5
1582,"Formica, N",2021,PLoS Med,Yes,No,Yes,No,NVX-CoV2373,Novavax,Recombinant,NA,No,Yes,A2,"Group C, young",No,A3,A1,18,59,29,1,1,0,35,35,5,NA,NA,ug,Humoral,Live virus,MNT 50,NT Ab,GMT/CI,26.6,18.1,39.3,Table 3,10,10,10,453,89.5,2287.6,26,13,44.8,NA,NA,35,35,B,None,5
1582,"Formica, N",2021,PLoS Med,Yes,No,Yes,No,NVX-CoV2373,Novavax,Recombinant,NA,No,Yes,A3,"Group D, young",No,A3,A1,18,59,23,2,2,21,35,35,25,25,NA,ug,Humoral,Live virus,MNT 50,NT Ab,GMT/CI,1783.1,1191.9,2667.7,Table 3,10,10,10,453,89.5,2287.6,26,23,100,NA,NA,14,14,A,Higher,25
1582,"Formica, N",2021,PLoS Med,Yes,No,Yes,No,NVX-CoV2373,Novavax,Recombinant,NA,No,Yes,A4,"Group E, young",No,A3,A1,18,59,10,1,1,0,21,21,25,NA,NA,ug,Humoral,Live virus,MNT 50,NT Ab,GMT/CI,60.6,17.9,205.2,Table 3,10,10,10,453,89.5,2287.6,26,7,70,NA,NA,21,21,B,None,25
1582,"Formica, N",2021,PLoS Med,Yes,No,Yes,No,NVX-CoV2373,Novavax,Recombinant,NA,No,Yes,A4,"Group E, young",No,A3,A1,18,59,23,1,1,0,35,35,25,NA,NA,ug,Humoral,Live virus,MNT 50,NT Ab,GMT/CI,52.5,31.3,88,Table 3,10,10,10,453,89.5,2287.6,26,15,65.2,NA,NA,35,35,B,None,25
1582,"Formica, N",2021,PLoS Med,Yes,No,Yes,No,NVX-CoV2373,Novavax,Recombinant,NA,No,Yes,A5,"Group B, elderly",Yes,A3,A1,60,84,26,2,2,21,35,35,5,5,NA,ug,Humoral,Live virus,MNT 50,NT Ab,GMT/CI,980.5,559.8,1717.1,Table 3,10,10,10,406,114.1,1142,31,26,100,NA,NA,14,14,C,Standard,5
1582,"Formica, N",2021,PLoS Med,Yes,No,Yes,No,NVX-CoV2373,Novavax,Recombinant,NA,No,Yes,A6,"Group C, elderly",No,A3,A1,60,84,10,1,1,0,21,21,5,NA,NA,ug,Humoral,Live virus,MNT 50,NT Ab,GMT/CI,18.7,10.8,32.2,Table 3,10,10,10,406,114.1,1142,31,3,30,NA,NA,21,21,D,None,5
1582,"Formica, N",2021,PLoS Med,Yes,No,Yes,No,NVX-CoV2373,Novavax,Recombinant,NA,No,Yes,A6,"Group C, elderly",No,A3,A1,60,84,26,1,1,0,35,35,5,NA,NA,ug,Humoral,Live virus,MNT 50,NT Ab,GMT/CI,15.7,12.1,20.4,Table 3,10,10,10,406,114.1,1142,31,6,23.1,NA,NA,35,35,D,None,5
1582,"Formica, N",2021,PLoS Med,Yes,No,Yes,No,NVX-CoV2373,Novavax,Recombinant,NA,No,Yes,A7,"Group D, elderly",No,A3,A1,60,84,26,2,2,21,35,35,25,25,NA,ug,Humoral,Live virus,MNT 50,NT Ab,GMT/CI,1034.2,639.8,1671.6,Table 3,10,10,10,406,114.1,1142,31,25,96.2,NA,NA,14,14,C,Higher,25
1582,"Formica, N",2021,PLoS Med,Yes,No,Yes,No,NVX-CoV2373,Novavax,Recombinant,NA,No,Yes,A8,"Group E, elderly",No,A3,A1,60,84,10,1,1,0,21,21,25,NA,NA,ug,Humoral,Live virus,MNT 50,NT Ab,GMT/CI,32.5,15.5,68.2,Table 3,10,10,10,406,114.1,1142,31,5,10,NA,NA,21,21,D,None,25
1582,"Formica, N",2021,PLoS Med,Yes,No,Yes,No,NVX-CoV2373,Novavax,Recombinant,NA,No,Yes,A8,"Group E, elderly",No,A3,A1,60,84,24,1,1,0,35,35,25,NA,NA,ug,Humoral,Live virus,MNT 50,NT Ab,GMT/CI,27.5,17.9,42.3,Table 3,10,10,10,406,114.1,1142,31,11,45.8,NA,NA,35,35,D,None,25
2382,"Xia, S",2021,Lancet ID,Yes,Yes,Yes,No,BBIBP-CorV,Sinopharm (Beijing),Inactivated,NA,No,No,A1,"2ug, 3-5 yrs",No,A3,A1,3,5,82,3,3,28,84,84,2,2,2,ug,Humoral,Live virus,MNT 50,NT Ab,GMT/CI,143.6,124.3,165.8,Appendix 17,2,2,2,198,156.7,250.2,NA,82,100,NA,NA,56,28,A,Lower,2
2382,"Xia, S",2021,Lancet ID,Yes,Yes,Yes,No,BBIBP-CorV,Sinopharm (Beijing),Inactivated,NA,No,No,A2,"4ug, 3-5 yrs",Yes,A3,A1,3,5,83,3,3,28,84,84,4,4,4,ug,Humoral,Live virus,MNT 50,NT Ab,GMT/CI,199.1,174.1,227.8,Appendix 17,2,2,2,198,156.7,250.2,NA,83,100,NA,NA,56,28,A,Standard,4
2382,"Xia, S",2021,Lancet ID,Yes,Yes,Yes,No,BBIBP-CorV,Sinopharm (Beijing),Inactivated,NA,No,No,A3,"8ug, 3-5 yrs",No,A3,A1,3,5,83,3,3,28,84,84,8,8,8,ug,Humoral,Live virus,MNT 50,NT Ab,GMT/CI,224.4,202.2,249.1,Appendix 17,2,2,2,198,156.7,250.2,NA,83,100,NA,NA,56,28,A,Higher,8
2382,"Xia, S",2021,Lancet ID,Yes,Yes,Yes,No,BBIBP-CorV,Sinopharm (Beijing),Inactivated,NA,No,No,A4,"2ug, 6-12 yrs",No,A3,A1,6,12,83,3,3,28,84,84,2,2,2,ug,Humoral,Live virus,MNT 50,NT Ab,GMT/CI,127,111.9,144.2,Appendix 21,2,2,2,198,156.7,250.2,NA,83,100,NA,NA,56,28,B,Lower,2
2382,"Xia, S",2021,Lancet ID,Yes,Yes,Yes,No,BBIBP-CorV,Sinopharm (Beijing),Inactivated,NA,No,No,A5,"4ug, 6-12 yrs",Yes,A3,A1,6,12,84,3,3,28,84,84,4,4,4,ug,Humoral,Live virus,MNT 50,NT Ab,GMT/CI,184.8,162.5,210.1,Appendix 21,2,2,2,198,156.7,250.2,NA,84,100,NA,NA,56,28,B,Standard,4
2382,"Xia, S",2021,Lancet ID,Yes,Yes,Yes,No,BBIBP-CorV,Sinopharm (Beijing),Inactivated,NA,No,No,A6,"8ug, 6-12 yrs",No,A3,A1,6,12,83,3,3,28,84,84,8,8,8,ug,Humoral,Live virus,MNT 50,NT Ab,GMT/CI,175.8,175.8,195.4,Appendix 21,2,2,2,198,156.7,250.2,NA,83,100,NA,NA,56,28,B,Higher,8
2382,"Xia, S",2021,Lancet ID,Yes,Yes,Yes,No,BBIBP-CorV,Sinopharm (Beijing),Inactivated,NA,No,No,A7,"2ug, 13-17 yrs",No,A3,A1,13,17,84,3,3,28,84,84,2,2,2,ug,Humoral,Live virus,MNT 50,NT Ab,GMT/CI,150.7,134.2,169.4,Appendix 25,2,2,2,198,156.7,250.2,NA,84,100,NA,NA,56,28,C,Lower,2
2382,"Xia, S",2021,Lancet ID,Yes,Yes,Yes,No,BBIBP-CorV,Sinopharm (Beijing),Inactivated,NA,No,No,A8,"4ug, 13-17 yrs",Yes,A3,A1,13,17,83,3,3,28,84,84,4,4,4,ug,Humoral,Live virus,MNT 50,NT Ab,GMT/CI,199,180.6,219.4,Appendix 25,2,2,2,198,156.7,250.2,NA,83,100,NA,NA,56,28,C,Standard,4
2382,"Xia, S",2021,Lancet ID,Yes,Yes,Yes,No,BBIBP-CorV,Sinopharm (Beijing),Inactivated,NA,No,No,A9,"8ug, 13-17 yrs",No,A3,A1,13,17,84,3,3,28,84,84,8,8,8,ug,Humoral,Live virus,MNT 50,NT Ab,GMT/CI,192.1,175.3,210.6,Appendix 25,2,2,2,198,156.7,250.2,NA,84,100,NA,NA,56,28,C,Higher,8
2431,"Zhu, F",2021,CID,Yes,No,Yes,No,Ad5-nCoV,CanSino,Vector,NA,No,Yes,A1,"Middle dose, old cohort",No,A1,A2,56,100,NA,2,1,28,56,56,10,10,NA,10^10,Humoral,Pseudo virus,PsVNA IC50,NT Ab,GMT/CI,33.1,26.2,41.9,Table S6,10,10,10,NA,NA,NA,NA,NA,65,NA,NA,28,28,A,Higher,10
2431,"Zhu, F",2021,CID,Yes,No,Yes,No,Ad5-nCoV,CanSino,Vector,NA,No,Yes,A1,"Middle dose, old cohort",No,A1,A2,56,100,NA,2,2,28,84,84,10,10,NA,10^10,Humoral,Pseudo virus,PsVNA IC50,NT Ab,GMT/CI,86.7,73,102.9,Table S6,10,10,10,NA,NA,NA,NA,NA,98,NA,NA,56,56,A,Higher,10
2431,"Zhu, F",2021,CID,Yes,No,Yes,No,Ad5-nCoV,CanSino,Vector,NA,No,Yes,A2,"Low dose, old cohort",Yes,A1,A2,56,100,NA,2,1,28,56,56,5,5,NA,10^10,Humoral,Pseudo virus,PsVNA IC50,NT Ab,GMT/CI,20,15.8,25.4,Table S6,10,10,10,NA,NA,NA,NA,NA,41.8,NA,NA,28,28,A,Standard,5
2431,"Zhu, F",2021,CID,Yes,No,Yes,No,Ad5-nCoV,CanSino,Vector,NA,No,Yes,A2,"Low dose, old cohort",Yes,A1,A2,56,100,NA,2,2,28,84,84,5,5,NA,10^10,Humoral,Pseudo virus,PsVNA IC50,NT Ab,GMT/CI,79.7,64.9,98,Table S6,10,10,10,NA,NA,NA,NA,NA,86.7,NA,NA,56,56,A,Standard,5
42,"Ella, R",2021,Lancet ID,Yes,Yes,No,No,BBV152,Covaxin,Inactivated,NA,No,No,A1,"Low-dose, Algel-IMDG",No,A2,A1,18,55,99,2,2,14,28,28,3,3,NA,ug,Humoral,Live virus,PRNT 50,NT Ab,GMT/CI,NA,NA,NA,Figure 3C,NA,NA,NA,NA,NA,NA,NA,92,93.4,83.7,97.8,14,14,A,Lower,3
42,"Ella, R",2021,Lancet ID,Yes,Yes,No,No,BBV152,Covaxin,Inactivated,NA,No,No,A2,"High-dose, Algel-IMDG",Yes,A2,A1,18,55,99,2,2,14,28,28,6,6,NA,ug,Humoral,Live virus,PRNT 50,NT Ab,GMT/CI,NA,NA,NA,Figure 3C,NA,NA,NA,NA,NA,NA,NA,85,86.4,75.1,93.2,14,14,A,Standard,6
346,"Yang, S",2021,Lancet ID,Yes,No,Yes,No,ZF2001,Anhui Zhifei,Recombinant,NA,No,Yes,A4,"50ug, 3 doses, phase 2",No,A2,A1,18,59,150,3,2,30,74,74,50,50,50,ug,Humoral,Live virus,MNT 50,NT Ab,GMT/CI,69.1,53,90,Figure 2H,2,2,2,51.2,38.3,70.5,89,138,93.2,NA,NA,44,14,C,Higher,50